Workbook

Sheet 使い方
B2: 日別客数予測ツール
B4: ■ 毎月の使い方
B5: ① 「先月データ」シートのA1を選択 → 先月の時間帯別売上実績表（見出し行ごと）を貼り付け
B6: ② 「先々月データ」シートのA1に先々月分を貼り付け
B7: ③ （推奨）「前年当月データ」シートのA1に、1年前の当月＋翌月1日（例：当月が2026年10月なら2025/10/1〜11/1）を貼り付け
B8: ※ 貼り付け前に、前回のデータを A〜X 列ごと削除してください（Z列以降の自動計算列は消さない）
B9: ④ 「予測」シートで当月の営業カレンダーを確認。夏休みの平日ランチ営業・臨時休業などは黄色の「営業区分」で指定
B10: ⑤ 必要なら「日別補正」にイベント・天候などの倍率を入力。「時間帯別予測」はシフト作成に使えます
B11: ⑥ 「売上予測貼付用」の F4:M34 をコピー →【事前】売上予測 タブの F4 に「値の貼り付け」（客単価・客数が時間帯別に入ります）
B13: ■ 予測の考え方
B14: 予測客数 ＝ 予測ランチ ＋ 予測ディナー（ランチとディナーを別々に予測して足す）
B15: ・営業区分：「設定」の平日／土日祝のランチ営業（あり・なし）で店舗ごとの標準を決め、日ごとの例外は「予測」シートで指定。ディナーのみの日はランチ分を0にする
... B37: 黄色背景・青字＝入力してよいセル ／ それ以外＝自動計算（触らない）

Sheet 予測
A1: =IF(設定!$B$7="","日別客数予測（先月データを貼り付けてください）",TEXT(設定!$B$7,"yyyy年m月")&" 日別客数予測") -> 日別客数予測（先月データを貼り付けてください）
A2: ="データ: "&設定!$B$36&" ／ 季節係数 "&TEXT(設定!$B$21,"0.000")&" 直近前年比 "&TEXT(設定!$B$22,"0.000")&" トレンド係数 "&TEXT(設定!$B$19,"0.00")&" 前年同曜日の重み "&TEXT(設定!$B$17,"0.00") -> データ: 先月データ未貼付 ／ 季節係数 1.000 直近前年比 1.000 トレンド係数 1.00 前年同曜日の重み 0.50
A3: 月間予測客数 | D3: =SUM(O9:O39) -> 0 | G3: 黄色の列だけ入力します：
A4: 月間予測売上 | D4: =SUM(P9:P39) -> 0 | G4: ・営業区分（変更時のみ）… 通常は空欄＝「設定」のランチ営業あり／なしに従う。夏休みの平日ランチ営業・臨時休業などはここで指定
A5: 先月実績客数 | D5: =SUM(集計!$E$3:$E$33) -> 0 | G5: ・日別補正 … イベント・天候・販促などの倍率（例：雨予報0.9、地域祭り1.2）
A6: 先月比(客数) | D6: =IFERROR(D3/D5,"")
A7: 予測客単価 | D7: =IFERROR(D4/D3,"")
A8: 日付 | B8: 曜日 | C8: 日タイプ | D8: 営業区分 (変更時のみ) | E8: 適用 営業区分 | F8: ランチ 基準 | G8: ディナー 基準 | H8: 前年 同曜日 | I8: 前年 客数 | J8: 季節 係数 | K8: トレンド 係数 | L8: 日別 補正 | M8: 予測 ランチ | N8: 予測 ディナー | O8: 予測客数 | P8: 予測売上 | Q8: 予測 客単価 | R8: メモ | T8: (計算用)前年ランチ | U8: (計算用)前年ディナー | V8: (計算用)前年タイプ | W8: (計算用)前年を使う
A9: =IF(OR(設定!$B$7="",1>設定!$B$8),"",設定!$B$7+0) | B9: =IF($A9="","",CHOOSE(WEEKDAY($A9,2),"月","火","水","木","金","土","日")) | C9: =IF($A9="","",IF(COUNTIF(祝日!$A:$A,$A9)>0,"祝",CHOOSE(WEEKDAY($A9,2),"月","火","水","木","金","土","日"))) | E9: =IF($A9="","",IF(D9<>"",D9,IF(IF(OR(C9="土",C9="日",C9="祝"),設定!$B$12,設定!$B$11)="あり","ランチ+ディナー","ディナーのみ"))) | F9: =IF($A9="","",IF(E9="ランチ+ディナー",INDEX(集計!$M$38:$M$45,MATCH(C9,集計!$A$38:$A$45,0)),0)) | G9: =IF($A9="","",IF(E9="休業",0,INDEX(集計!$L$38:$L$45,MATCH(C9,集計!$A$38:$A$45,0)))) | H9: =IF(W9=1,$A9-364,"") | I9: =IF(W9=1,IF(AND(E9="ランチ+ディナー",T9>=設定!$B$13),T9,0)+U9,"") | J9: =IF($A9="","",設定!$B$21) | K9: =IF($A9="","",設定!$B$19) | L9: 1 | M9: =IF($A9="","",IF(E9<>"ランチ+ディナー",0,IF(AND(W9=1,T9>=設定!$B$13),(1-設定!$B$17)*F9*J9+設定!$B$17*T9*設定!$B$22,F9*J9)*K9*N(L9))) | N9: =IF($A9="","",IF(E9="休業",0,IF(W9=1,(1-設定!$B$17)*G9*J9+設定!$B$17*U9*設定!$B$22,G9*J9)*K9*N(L9))) | O9: =IF($A9="","",ROUND(M9+N9,0)) | P9: =IF($A9="","",売上予測貼付用!S4) | Q9: =IF($A9="","",IFERROR(P9/O9,"")) | T9: =IF($A9="","",IF(COUNTIF(前年当月データ!$A:$A,$A9-364)=0,"",SUMIFS(前年当月データ!$Q:$Q,前年当月データ!$A:$A,$A9-364,前年当月データ!$K:$K,">=6",前年当月データ!$K:$K,"<"&設定!$B$10))) | U9: =IF(T9="","",SUMIFS(前年当月データ!$Q:$Q,前年当月データ!$A:$A,$A9-364)-T9) | V9: =IF(T9="","",IF(COUNTIF(祝日!$A:$A,($A9-364))>0,"祝",CHOOSE(WEEKDAY(($A9-364),2),"月","火","水","木","金","土","日"))) | W9: =IF($A9="",0,IF(AND(設定!$B$17>0,N(U9)>0,C9<>"祝",V9<>"祝",E9<>"休業"),1,0)) -> 0
A10: =IF(OR(設定!$B$7="",2>設定!$B$8),"",設定!$B$7+1) | B10: =IF($A10="","",CHOOSE(WEEKDAY($A10,2),"月","火","水","木","金","土","日")) | C10: =IF($A10="","",IF(COUNTIF(祝日!$A:$A,$A10)>0,"祝",CHOOSE(WEEKDAY($A10,2),"月","火","水","木","金","土","日"))) | E10: =IF($A10="","",IF(D10<>"",D10,IF(IF(OR(C10="土",C10="日",C10="祝"),設定!$B$12,設定!$B$11)="あり","ランチ+ディナー","ディナーのみ"))) | F10: =IF($A10="","",IF(E10="ランチ+ディナー",INDEX(集計!$M$38:$M$45,MATCH(C10,集計!$A$38:$A$45,0)),0)) | G10: =IF($A10="","",IF(E10="休業",0,INDEX(集計!$L$38:$L$45,MATCH(C10,集計!$A$38:$A$45,0)))) | H10: =IF(W10=1,$A10-364,"") | I10: =IF(W10=1,IF(AND(E10="ランチ+ディナー",T10>=設定!$B$13),T10,0)+U10,"") | J10: =IF($A10="","",設定!$B$21) | K10: =IF($A10="","",設定!$B$19) | L10: 1 | M10: =IF($A10="","",IF(E10<>"ランチ+ディナー",0,IF(AND(W10=1,T10>=設定!$B$13),(1-設定!$B$17)*F10*J10+設定!$B$17*T10*設定!$B$22,F10*J10)*K10*N(L10))) | N10: =IF($A10="","",IF(E10="休業",0,IF(W10=1,(1-設定!$B$17)*G10*J10+設定!$B$17*U10*設定!$B$22,G10*J10)*K10*N(L10))) | O10: =IF($A10="","",ROUND(M10+N10,0)) | P10: =IF($A10="","",売上予測貼付用!S5) | Q10: =IF($A10="","",IFERROR(P10/O10,"")) | T10: =IF($A10="","",IF(COUNTIF(前年当月データ!$A:$A,$A10-364)=0,"",SUMIFS(前年当月データ!$Q:$Q,前年当月データ!$A:$A,$A10-364,前年当月データ!$K:$K,">=6",前年当月データ!$K:$K,"<"&設定!$B$10))) | U10: =IF(T10="","",SUMIFS(前年当月データ!$Q:$Q,前年当月データ!$A:$A,$A10-364)-T10) | V10: =IF(T10="","",IF(COUNTIF(祝日!$A:$A,($A10-364))>0,"祝",CHOOSE(WEEKDAY(($A10-364),2),"月","火","水","木","金","土","日"))) | W10: =IF($A10="",0,IF(AND(設定!$B$17>0,N(U10)>0,C10<>"祝",V10<>"祝",E10<>"休業"),1,0)) -> 0
A11: =IF(OR(設定!$B$7="",3>設定!$B$8),"",設定!$B$7+2) | B11: =IF($A11="","",CHOOSE(WEEKDAY($A11,2),"月","火","水","木","金","土","日")) | C11: =IF($A11="","",IF(COUNTIF(祝日!$A:$A,$A11)>0,"祝",CHOOSE(WEEKDAY($A11,2),"月","火","水","木","金","土","日"))) | E11: =IF($A11="","",IF(D11<>"",D11,IF(IF(OR(C11="土",C11="日",C11="祝"),設定!$B$12,設定!$B$11)="あり","ランチ+ディナー","ディナーのみ"))) | F11: =IF($A11="","",IF(E11="ランチ+ディナー",INDEX(集計!$M$38:$M$45,MATCH(C11,集計!$A$38:$A$45,0)),0)) | G11: =IF($A11="","",IF(E11="休業",0,INDEX(集計!$L$38:$L$45,MATCH(C11,集計!$A$38:$A$45,0)))) | H11: =IF(W11=1,$A11-364,"") | I11: =IF(W11=1,IF(AND(E11="ランチ+ディナー",T11>=設定!$B$13),T11,0)+U11,"") | J11: =IF($A11="","",設定!$B$21) | K11: =IF($A11="","",設定!$B$19) | L11: 1 | M11: =IF($A11="","",IF(E11<>"ランチ+ディナー",0,IF(AND(W11=1,T11>=設定!$B$13),(1-設定!$B$17)*F11*J11+設定!$B$17*T11*設定!$B$22,F11*J11)*K11*N(L11))) | N11: =IF($A11="","",IF(E11="休業",0,IF(W11=1,(1-設定!$B$17)*G11*J11+設定!$B$17*U11*設定!$B$22,G11*J11)*K11*N(L11))) | O11: =IF($A11="","",ROUND(M11+N11,0)) | P11: =IF($A11="","",売上予測貼付用!S6) | Q11: =IF($A11="","",IFERROR(P11/O11,"")) | T11: =IF($A11="","",IF(COUNTIF(前年当月データ!$A:$A,$A11-364)=0,"",SUMIFS(前年当月データ!$Q:$Q,前年当月データ!$A:$A,$A11-364,前年当月データ!$K:$K,">=6",前年当月データ!$K:$K,"<"&設定!$B$10))) | U11: =IF(T11="","",SUMIFS(前年当月データ!$Q:$Q,前年当月データ!$A:$A,$A11-364)-T11) | V11: =IF(T11="","",IF(COUNTIF(祝日!$A:$A,($A11-364))>0,"祝",CHOOSE(WEEKDAY(($A11-364),2),"月","火","水","木","金","土","日"))) | W11: =IF($A11="",0,IF(AND(設定!$B$17>0,N(U11)>0,C11<>"祝",V11<>"祝",E11<>"休業"),1,0)) -> 0
A12: =IF(OR(設定!$B$7="",4>設定!$B$8),"",設定!$B$7+3) | B12: =IF($A12="","",CHOOSE(WEEKDAY($A12,2),"月","火","水","木","金","土","日")) | C12: =IF($A12="","",IF(COUNTIF(祝日!$A:$A,$A12)>0,"祝",CHOOSE(WEEKDAY($A12,2),"月","火","水","木","金","土","日"))) | E12: =IF($A12="","",IF(D12<>"",D12,IF(IF(OR(C12="土",C12="日",C12="祝"),設定!$B$12,設定!$B$11)="あり","ランチ+ディナー","ディナーのみ"))) | F12: =IF($A12="","",IF(E12="ランチ+ディナー",INDEX(集計!$M$38:$M$45,MATCH(C12,集計!$A$38:$A$45,0)),0)) | G12: =IF($A12="","",IF(E12="休業",0,INDEX(集計!$L$38:$L$45,MATCH(C12,集計!$A$38:$A$45,0)))) | H12: =IF(W12=1,$A12-364,"") | I12: =IF(W12=1,IF(AND(E12="ランチ+ディナー",T12>=設定!$B$13),T12,0)+U12,"") | J12: =IF($A12="","",設定!$B$21) | K12: =IF($A12="","",設定!$B$19) | L12: 1 | M12: =IF($A12="","",IF(E12<>"ランチ+ディナー",0,IF(AND(W12=1,T12>=設定!$B$13),(1-設定!$B$17)*F12*J12+設定!$B$17*T12*設定!$B$22,F12*J12)*K12*N(L12))) | N12: =IF($A12="","",IF(E12="休業",0,IF(W12=1,(1-設定!$B$17)*G12*J12+設定!$B$17*U12*設定!$B$22,G12*J12)*K12*N(L12))) | O12: =IF($A12="","",ROUND(M12+N12,0)) | P12: =IF($A12="","",売上予測貼付用!S7) | Q12: =IF($A12="","",IFERROR(P12/O12,"")) | T12: =IF($A12="","",IF(COUNTIF(前年当月データ!$A:$A,$A12-364)=0,"",SUMIFS(前年当月データ!$Q:$Q,前年当月データ!$A:$A,$A12-364,前年当月データ!$K:$K,">=6",前年当月データ!$K:$K,"<"&設定!$B$10))) | U12: =IF(T12="","",SUMIFS(前年当月データ!$Q:$Q,前年当月データ!$A:$A,$A12-364)-T12) | V12: =IF(T12="","",IF(COUNTIF(祝日!$A:$A,($A12-364))>0,"祝",CHOOSE(WEEKDAY(($A12-364),2),"月","火","水","木","金","土","日"))) | W12: =IF($A12="",0,IF(AND(設定!$B$17>0,N(U12)>0,C12<>"祝",V12<>"祝",E12<>"休業"),1,0)) -> 0
A13: =IF(OR(設定!$B$7="",5>設定!$B$8),"",設定!$B$7+4) | B13: =IF($A13="","",CHOOSE(WEEKDAY($A13,2),"月","火","水","木","金","土","日")) | C13: =IF($A13="","",IF(COUNTIF(祝日!$A:$A,$A13)>0,"祝",CHOOSE(WEEKDAY($A13,2),"月","火","水","木","金","土","日"))) | E13: =IF($A13="","",IF(D13<>"",D13,IF(IF(OR(C13="土",C13="日",C13="祝"),設定!$B$12,設定!$B$11)="あり","ランチ+ディナー","ディナーのみ"))) | F13: =IF($A13="","",IF(E13="ランチ+ディナー",INDEX(集計!$M$38:$M$45,MATCH(C13,集計!$A$38:$A$45,0)),0)) | G13: =IF($A13="","",IF(E13="休業",0,INDEX(集計!$L$38:$L$45,MATCH(C13,集計!$A$38:$A$45,0)))) | H13: =IF(W13=1,$A13-364,"") | I13: =IF(W13=1,IF(AND(E13="ランチ+ディナー",T13>=設定!$B$13),T13,0)+U13,"") | J13: =IF($A13="","",設定!$B$21) | K13: =IF($A13="","",設定!$B$19) | L13: 1 | M13: =IF($A13="","",IF(E13<>"ランチ+ディナー",0,IF(AND(W13=1,T13>=設定!$B$13),(1-設定!$B$17)*F13*J13+設定!$B$17*T13*設定!$B$22,F13*J13)*K13*N(L13))) | N13: =IF($A13="","",IF(E13="休業",0,IF(W13=1,(1-設定!$B$17)*G13*J13+設定!$B$17*U13*設定!$B$22,G13*J13)*K13*N(L13))) | O13: =IF($A13="","",ROUND(M13+N13,0)) | P13: =IF($A13="","",売上予測貼付用!S8) | Q13: =IF($A13="","",IFERROR(P13/O13,"")) | T13: =IF($A13="","",IF(COUNTIF(前年当月データ!$A:$A,$A13-364)=0,"",SUMIFS(前年当月データ!$Q:$Q,前年当月データ!$A:$A,$A13-364,前年当月データ!$K:$K,">=6",前年当月データ!$K:$K,"<"&設定!$B$10))) | U13: =IF(T13="","",SUMIFS(前年当月データ!$Q:$Q,前年当月データ!$A:$A,$A13-364)-T13) | V13: =IF(T13="","",IF(COUNTIF(祝日!$A:$A,($A13-364))>0,"祝",CHOOSE(WEEKDAY(($A13-364),2),"月","火","水","木","金","土","日"))) | W13: =IF($A13="",0,IF(AND(設定!$B$17>0,N(U13)>0,C13<>"祝",V13<>"祝",E13<>"休業"),1,0)) -> 0
A14: =IF(OR(設定!$B$7="",6>設定!$B$8),"",設定!$B$7+5) | B14: =IF($A14="","",CHOOSE(WEEKDAY($A14,2),"月","火","水","木","金","土","日")) | C14: =IF($A14="","",IF(COUNTIF(祝日!$A:$A,$A14)>0,"祝",CHOOSE(WEEKDAY($A14,2),"月","火","水","木","金","土","日"))) | E14: =IF($A14="","",IF(D14<>"",D14,IF(IF(OR(C14="土",C14="日",C14="祝"),設定!$B$12,設定!$B$11)="あり","ランチ+ディナー","ディナーのみ"))) | F14: =IF($A14="","",IF(E14="ランチ+ディナー",INDEX(集計!$M$38:$M$45,MATCH(C14,集計!$A$38:$A$45,0)),0)) | G14: =IF($A14="","",IF(E14="休業",0,INDEX(集計!$L$38:$L$45,MATCH(C14,集計!$A$38:$A$45,0)))) | H14: =IF(W14=1,$A14-364,"") | I14: =IF(W14=1,IF(AND(E14="ランチ+ディナー",T14>=設定!$B$13),T14,0)+U14,"") | J14: =IF($A14="","",設定!$B$21) | K14: =IF($A14="","",設定!$B$19) | L14: 1 | M14: =IF($A14="","",IF(E14<>"ランチ+ディナー",0,IF(AND(W14=1,T14>=設定!$B$13),(1-設定!$B$17)*F14*J14+設定!$B$17*T14*設定!$B$22,F14*J14)*K14*N(L14))) | N14: =IF($A14="","",IF(E14="休業",0,IF(W14=1,(1-設定!$B$17)*G14*J14+設定!$B$17*U14*設定!$B$22,G14*J14)*K14*N(L14))) | O14: =IF($A14="","",ROUND(M14+N14,0)) | P14: =IF($A14="","",売上予測貼付用!S9) | Q14: =IF($A14="","",IFERROR(P14/O14,"")) | T14: =IF($A14="","",IF(COUNTIF(前年当月データ!$A:$A,$A14-364)=0,"",SUMIFS(前年当月データ!$Q:$Q,前年当月データ!$A:$A,$A14-364,前年当月データ!$K:$K,">=6",前年当月データ!$K:$K,"<"&設定!$B$10))) | U14: =IF(T14="","",SUMIFS(前年当月データ!$Q:$Q,前年当月データ!$A:$A,$A14-364)-T14) | V14: =IF(T14="","",IF(COUNTIF(祝日!$A:$A,($A14-364))>0,"祝",CHOOSE(WEEKDAY(($A14-364),2),"月","火","水","木","金","土","日"))) | W14: =IF($A14="",0,IF(AND(設定!$B$17>0,N(U14)>0,C14<>"祝",V14<>"祝",E14<>"休業"),1,0)) -> 0
A15: =IF(OR(設定!$B$7="",7>設定!$B$8),"",設定!$B$7+6) | B15: =IF($A15="","",CHOOSE(WEEKDAY($A15,2),"月","火","水","木","金","土","日")) | C15: =IF($A15="","",IF(COUNTIF(祝日!$A:$A,$A15)>0,"祝",CHOOSE(WEEKDAY($A15,2),"月","火","水","木","金","土","日"))) | E15: =IF($A15="","",IF(D15<>"",D15,IF(IF(OR(C15="土",C15="日",C15="祝"),設定!$B$12,設定!$B$11)="あり","ランチ+ディナー","ディナーのみ"))) | F15: =IF($A15="","",IF(E15="ランチ+ディナー",INDEX(集計!$M$38:$M$45,MATCH(C15,集計!$A$38:$A$45,0)),0)) | G15: =IF($A15="","",IF(E15="休業",0,INDEX(集計!$L$38:$L$45,MATCH(C15,集計!$A$38:$A$45,0)))) | H15: =IF(W15=1,$A15-364,"") | I15: =IF(W15=1,IF(AND(E15="ランチ+ディナー",T15>=設定!$B$13),T15,0)+U15,"") | J15: =IF($A15="","",設定!$B$21) | K15: =IF($A15="","",設定!$B$19) | L15: 1 | M15: =IF($A15="","",IF(E15<>"ランチ+ディナー",0,IF(AND(W15=1,T15>=設定!$B$13),(1-設定!$B$17)*F15*J15+設定!$B$17*T15*設定!$B$22,F15*J15)*K15*N(L15))) | N15: =IF($A15="","",IF(E15="休業",0,IF(W15=1,(1-設定!$B$17)*G15*J15+設定!$B$17*U15*設定!$B$22,G15*J15)*K15*N(L15))) | O15: =IF($A15="","",ROUND(M15+N15,0)) | P15: =IF($A15="","",売上予測貼付用!S10) | Q15: =IF($A15="","",IFERROR(P15/O15,"")) | T15: =IF($A15="","",IF(COUNTIF(前年当月データ!$A:$A,$A15-364)=0,"",SUMIFS(前年当月データ!$Q:$Q,前年当月データ!$A:$A,$A15-364,前年当月データ!$K:$K,">=6",前年当月データ!$K:$K,"<"&設定!$B$10))) | U15: =IF(T15="","",SUMIFS(前年当月データ!$Q:$Q,前年当月データ!$A:$A,$A15-364)-T15) | V15: =IF(T15="","",IF(COUNTIF(祝日!$A:$A,($A15-364))>0,"祝",CHOOSE(WEEKDAY(($A15-364),2),"月","火","水","木","金","土","日"))) | W15: =IF($A15="",0,IF(AND(設定!$B$17>0,N(U15)>0,C15<>"祝",V15<>"祝",E15<>"休業"),1,0)) -> 0
A16: =IF(OR(設定!$B$7="",8>設定!$B$8),"",設定!$B$7+7) | B16: =IF($A16="","",CHOOSE(WEEKDAY($A16,2),"月","火","水","木","金","土","日")) | C16: =IF($A16="","",IF(COUNTIF(祝日!$A:$A,$A16)>0,"祝",CHOOSE(WEEKDAY($A16,2),"月","火","水","木","金","土","日"))) | E16: =IF($A16="","",IF(D16<>"",D16,IF(IF(OR(C16="土",C16="日",C16="祝"),設定!$B$12,設定!$B$11)="あり","ランチ+ディナー","ディナーのみ"))) | F16: =IF($A16="","",IF(E16="ランチ+ディナー",INDEX(集計!$M$38:$M$45,MATCH(C16,集計!$A$38:$A$45,0)),0)) | G16: =IF($A16="","",IF(E16="休業",0,INDEX(集計!$L$38:$L$45,MATCH(C16,集計!$A$38:$A$45,0)))) | H16: =IF(W16=1,$A16-364,"") | I16: =IF(W16=1,IF(AND(E16="ランチ+ディナー",T16>=設定!$B$13),T16,0)+U16,"") | J16: =IF($A16="","",設定!$B$21) | K16: =IF($A16="","",設定!$B$19) | L16: 1 | M16: =IF($A16="","",IF(E16<>"ランチ+ディナー",0,IF(AND(W16=1,T16>=設定!$B$13),(1-設定!$B$17)*F16*J16+設定!$B$17*T16*設定!$B$22,F16*J16)*K16*N(L16))) | N16: =IF($A16="","",IF(E16="休業",0,IF(W16=1,(1-設定!$B$17)*G16*J16+設定!$B$17*U16*設定!$B$22,G16*J16)*K16*N(L16))) | O16: =IF($A16="","",ROUND(M16+N16,0)) | P16: =IF($A16="","",売上予測貼付用!S11) | Q16: =IF($A16="","",IFERROR(P16/O16,"")) | T16: =IF($A16="","",IF(COUNTIF(前年当月データ!$A:$A,$A16-364)=0,"",SUMIFS(前年当月データ!$Q:$Q,前年当月データ!$A:$A,$A16-364,前年当月データ!$K:$K,">=6",前年当月データ!$K:$K,"<"&設定!$B$10))) | U16: =IF(T16="","",SUMIFS(前年当月データ!$Q:$Q,前年当月データ!$A:$A,$A16-364)-T16) | V16: =IF(T16="","",IF(COUNTIF(祝日!$A:$A,($A16-364))>0,"祝",CHOOSE(WEEKDAY(($A16-364),2),"月","火","水","木","金","土","日"))) | W16: =IF($A16="",0,IF(AND(設定!$B$17>0,N(U16)>0,C16<>"祝",V16<>"祝",E16<>"休業"),1,0)) -> 0
A17: =IF(OR(設定!$B$7="",9>設定!$B$8),"",設定!$B$7+8) | B17: =IF($A17="","",CHOOSE(WEEKDAY($A17,2),"月","火","水","木","金","土","日")) | C17: =IF($A17="","",IF(COUNTIF(祝日!$A:$A,$A17)>0,"祝",CHOOSE(WEEKDAY($A17,2),"月","火","水","木","金","土","日"))) | E17: =IF($A17="","",IF(D17<>"",D17,IF(IF(OR(C17="土",C17="日",C17="祝"),設定!$B$12,設定!$B$11)="あり","ランチ+ディナー","ディナーのみ"))) | F17: =IF($A17="","",IF(E17="ランチ+ディナー",INDEX(集計!$M$38:$M$45,MATCH(C17,集計!$A$38:$A$45,0)),0)) | G17: =IF($A17="","",IF(E17="休業",0,INDEX(集計!$L$38:$L$45,MATCH(C17,集計!$A$38:$A$45,0)))) | H17: =IF(W17=1,$A17-364,"") | I17: =IF(W17=1,IF(AND(E17="ランチ+ディナー",T17>=設定!$B$13),T17,0)+U17,"") | J17: =IF($A17="","",設定!$B$21) | K17: =IF($A17="","",設定!$B$19) | L17: 1 | M17: =IF($A17="","",IF(E17<>"ランチ+ディナー",0,IF(AND(W17=1,T17>=設定!$B$13),(1-設定!$B$17)*F17*J17+設定!$B$17*T17*設定!$B$22,F17*J17)*K17*N(L17))) | N17: =IF($A17="","",IF(E17="休業",0,IF(W17=1,(1-設定!$B$17)*G17*J17+設定!$B$17*U17*設定!$B$22,G17*J17)*K17*N(L17))) | O17: =IF($A17="","",ROUND(M17+N17,0)) | P17: =IF($A17="","",売上予測貼付用!S12) | Q17: =IF($A17="","",IFERROR(P17/O17,"")) | T17: =IF($A17="","",IF(COUNTIF(前年当月データ!$A:$A,$A17-364)=0,"",SUMIFS(前年当月データ!$Q:$Q,前年当月データ!$A:$A,$A17-364,前年当月データ!$K:$K,">=6",前年当月データ!$K:$K,"<"&設定!$B$10))) | U17: =IF(T17="","",SUMIFS(前年当月データ!$Q:$Q,前年当月データ!$A:$A,$A17-364)-T17) | V17: =IF(T17="","",IF(COUNTIF(祝日!$A:$A,($A17-364))>0,"祝",CHOOSE(WEEKDAY(($A17-364),2),"月","火","水","木","金","土","日"))) | W17: =IF($A17="",0,IF(AND(設定!$B$17>0,N(U17)>0,C17<>"祝",V17<>"祝",E17<>"休業"),1,0)) -> 0
A18: =IF(OR(設定!$B$7="",10>設定!$B$8),"",設定!$B$7+9) | B18: =IF($A18="","",CHOOSE(WEEKDAY($A18,2),"月","火","水","木","金","土","日")) | C18: =IF($A18="","",IF(COUNTIF(祝日!$A:$A,$A18)>0,"祝",CHOOSE(WEEKDAY($A18,2),"月","火","水","木","金","土","日"))) | E18: =IF($A18="","",IF(D18<>"",D18,IF(IF(OR(C18="土",C18="日",C18="祝"),設定!$B$12,設定!$B$11)="あり","ランチ+ディナー","ディナーのみ"))) | F18: =IF($A18="","",IF(E18="ランチ+ディナー",INDEX(集計!$M$38:$M$45,MATCH(C18,集計!$A$38:$A$45,0)),0)) | G18: =IF($A18="","",IF(E18="休業",0,INDEX(集計!$L$38:$L$45,MATCH(C18,集計!$A$38:$A$45,0)))) | H18: =IF(W18=1,$A18-364,"") | I18: =IF(W18=1,IF(AND(E18="ランチ+ディナー",T18>=設定!$B$13),T18,0)+U18,"") | J18: =IF($A18="","",設定!$B$21) | K18: =IF($A18="","",設定!$B$19) | L18: 1 | M18: =IF($A18="","",IF(E18<>"ランチ+ディナー",0,IF(AND(W18=1,T18>=設定!$B$13),(1-設定!$B$17)*F18*J18+設定!$B$17*T18*設定!$B$22,F18*J18)*K18*N(L18))) | N18: =IF($A18="","",IF(E18="休業",0,IF(W18=1,(1-設定!$B$17)*G18*J18+設定!$B$17*U18*設定!$B$22,G18*J18)*K18*N(L18))) | O18: =IF($A18="","",ROUND(M18+N18,0)) | P18: =IF($A18="","",売上予測貼付用!S13) | Q18: =IF($A18="","",IFERROR(P18/O18,"")) | T18: =IF($A18="","",IF(COUNTIF(前年当月データ!$A:$A,$A18-364)=0,"",SUMIFS(前年当月データ!$Q:$Q,前年当月データ!$A:$A,$A18-364,前年当月データ!$K:$K,">=6",前年当月データ!$K:$K,"<"&設定!$B$10))) | U18: =IF(T18="","",SUMIFS(前年当月データ!$Q:$Q,前年当月データ!$A:$A,$A18-364)-T18) | V18: =IF(T18="","",IF(COUNTIF(祝日!$A:$A,($A18-364))>0,"祝",CHOOSE(WEEKDAY(($A18-364),2),"月","火","水","木","金","土","日"))) | W18: =IF($A18="",0,IF(AND(設定!$B$17>0,N(U18)>0,C18<>"祝",V18<>"祝",E18<>"休業"),1,0)) -> 0
A19: =IF(OR(設定!$B$7="",11>設定!$B$8),"",設定!$B$7+10) | B19: =IF($A19="","",CHOOSE(WEEKDAY($A19,2),"月","火","水","木","金","土","日")) | C19: =IF($A19="","",IF(COUNTIF(祝日!$A:$A,$A19)>0,"祝",CHOOSE(WEEKDAY($A19,2),"月","火","水","木","金","土","日"))) | E19: =IF($A19="","",IF(D19<>"",D19,IF(IF(OR(C19="土",C19="日",C19="祝"),設定!$B$12,設定!$B$11)="あり","ランチ+ディナー","ディナーのみ"))) | F19: =IF($A19="","",IF(E19="ランチ+ディナー",INDEX(集計!$M$38:$M$45,MATCH(C19,集計!$A$38:$A$45,0)),0)) | G19: =IF($A19="","",IF(E19="休業",0,INDEX(集計!$L$38:$L$45,MATCH(C19,集計!$A$38:$A$45,0)))) | H19: =IF(W19=1,$A19-364,"") | I19: =IF(W19=1,IF(AND(E19="ランチ+ディナー",T19>=設定!$B$13),T19,0)+U19,"") | J19: =IF($A19="","",設定!$B$21) | K19: =IF($A19="","",設定!$B$19) | L19: 1 | M19: =IF($A19="","",IF(E19<>"ランチ+ディナー",0,IF(AND(W19=1,T19>=設定!$B$13),(1-設定!$B$17)*F19*J19+設定!$B$17*T19*設定!$B$22,F19*J19)*K19*N(L19))) | N19: =IF($A19="","",IF(E19="休業",0,IF(W19=1,(1-設定!$B$17)*G19*J19+設定!$B$17*U19*設定!$B$22,G19*J19)*K19*N(L19))) | O19: =IF($A19="","",ROUND(M19+N19,0)) | P19: =IF($A19="","",売上予測貼付用!S14) | Q19: =IF($A19="","",IFERROR(P19/O19,"")) | T19: =IF($A19="","",IF(COUNTIF(前年当月データ!$A:$A,$A19-364)=0,"",SUMIFS(前年当月データ!$Q:$Q,前年当月データ!$A:$A,$A19-364,前年当月データ!$K:$K,">=6",前年当月データ!$K:$K,"<"&設定!$B$10))) | U19: =IF(T19="","",SUMIFS(前年当月データ!$Q:$Q,前年当月データ!$A:$A,$A19-364)-T19) | V19: =IF(T19="","",IF(COUNTIF(祝日!$A:$A,($A19-364))>0,"祝",CHOOSE(WEEKDAY(($A19-364),2),"月","火","水","木","金","土","日"))) | W19: =IF($A19="",0,IF(AND(設定!$B$17>0,N(U19)>0,C19<>"祝",V19<>"祝",E19<>"休業"),1,0)) -> 0
A20: =IF(OR(設定!$B$7="",12>設定!$B$8),"",設定!$B$7+11) | B20: =IF($A20="","",CHOOSE(WEEKDAY($A20,2),"月","火","水","木","金","土","日")) | C20: =IF($A20="","",IF(COUNTIF(祝日!$A:$A,$A20)>0,"祝",CHOOSE(WEEKDAY($A20,2),"月","火","水","木","金","土","日"))) | E20: =IF($A20="","",IF(D20<>"",D20,IF(IF(OR(C20="土",C20="日",C20="祝"),設定!$B$12,設定!$B$11)="あり","ランチ+ディナー","ディナーのみ"))) | F20: =IF($A20="","",IF(E20="ランチ+ディナー",INDEX(集計!$M$38:$M$45,MATCH(C20,集計!$A$38:$A$45,0)),0)) | G20: =IF($A20="","",IF(E20="休業",0,INDEX(集計!$L$38:$L$45,MATCH(C20,集計!$A$38:$A$45,0)))) | H20: =IF(W20=1,$A20-364,"") | I20: =IF(W20=1,IF(AND(E20="ランチ+ディナー",T20>=設定!$B$13),T20,0)+U20,"") | J20: =IF($A20="","",設定!$B$21) | K20: =IF($A20="","",設定!$B$19) | L20: 1 | M20: =IF($A20="","",IF(E20<>"ランチ+ディナー",0,IF(AND(W20=1,T20>=設定!$B$13),(1-設定!$B$17)*F20*J20+設定!$B$17*T20*設定!$B$22,F20*J20)*K20*N(L20))) | N20: =IF($A20="","",IF(E20="休業",0,IF(W20=1,(1-設定!$B$17)*G20*J20+設定!$B$17*U20*設定!$B$22,G20*J20)*K20*N(L20))) | O20: =IF($A20="","",ROUND(M20+N20,0)) | P20: =IF($A20="","",売上予測貼付用!S15) | Q20: =IF($A20="","",IFERROR(P20/O20,"")) | T20: =IF($A20="","",IF(COUNTIF(前年当月データ!$A:$A,$A20-364)=0,"",SUMIFS(前年当月データ!$Q:$Q,前年当月データ!$A:$A,$A20-364,前年当月データ!$K:$K,">=6",前年当月データ!$K:$K,"<"&設定!$B$10))) | U20: =IF(T20="","",SUMIFS(前年当月データ!$Q:$Q,前年当月データ!$A:$A,$A20-364)-T20) | V20: =IF(T20="","",IF(COUNTIF(祝日!$A:$A,($A20-364))>0,"祝",CHOOSE(WEEKDAY(($A20-364),2),"月","火","水","木","金","土","日"))) | W20: =IF($A20="",0,IF(AND(設定!$B$17>0,N(U20)>0,C20<>"祝",V20<>"祝",E20<>"休業"),1,0)) -> 0
A21: =IF(OR(設定!$B$7="",13>設定!$B$8),"",設定!$B$7+12) | B21: =IF($A21="","",CHOOSE(WEEKDAY($A21,2),"月","火","水","木","金","土","日")) | C21: =IF($A21="","",IF(COUNTIF(祝日!$A:$A,$A21)>0,"祝",CHOOSE(WEEKDAY($A21,2),"月","火","水","木","金","土","日"))) | E21: =IF($A21="","",IF(D21<>"",D21,IF(IF(OR(C21="土",C21="日",C21="祝"),設定!$B$12,設定!$B$11)="あり","ランチ+ディナー","ディナーのみ"))) | F21: =IF($A21="","",IF(E21="ランチ+ディナー",INDEX(集計!$M$38:$M$45,MATCH(C21,集計!$A$38:$A$45,0)),0)) | G21: =IF($A21="","",IF(E21="休業",0,INDEX(集計!$L$38:$L$45,MATCH(C21,集計!$A$38:$A$45,0)))) | H21: =IF(W21=1,$A21-364,"") | I21: =IF(W21=1,IF(AND(E21="ランチ+ディナー",T21>=設定!$B$13),T21,0)+U21,"") | J21: =IF($A21="","",設定!$B$21) | K21: =IF($A21="","",設定!$B$19) | L21: 1 | M21: =IF($A21="","",IF(E21<>"ランチ+ディナー",0,IF(AND(W21=1,T21>=設定!$B$13),(1-設定!$B$17)*F21*J21+設定!$B$17*T21*設定!$B$22,F21*J21)*K21*N(L21))) | N21: =IF($A21="","",IF(E21="休業",0,IF(W21=1,(1-設定!$B$17)*G21*J21+設定!$B$17*U21*設定!$B$22,G21*J21)*K21*N(L21))) | O21: =IF($A21="","",ROUND(M21+N21,0)) | P21: =IF($A21="","",売上予測貼付用!S16) | Q21: =IF($A21="","",IFERROR(P21/O21,"")) | T21: =IF($A21="","",IF(COUNTIF(前年当月データ!$A:$A,$A21-364)=0,"",SUMIFS(前年当月データ!$Q:$Q,前年当月データ!$A:$A,$A21-364,前年当月データ!$K:$K,">=6",前年当月データ!$K:$K,"<"&設定!$B$10))) | U21: =IF(T21="","",SUMIFS(前年当月データ!$Q:$Q,前年当月データ!$A:$A,$A21-364)-T21) | V21: =IF(T21="","",IF(COUNTIF(祝日!$A:$A,($A21-364))>0,"祝",CHOOSE(WEEKDAY(($A21-364),2),"月","火","水","木","金","土","日"))) | W21: =IF($A21="",0,IF(AND(設定!$B$17>0,N(U21)>0,C21<>"祝",V21<>"祝",E21<>"休業"),1,0)) -> 0
A22: =IF(OR(設定!$B$7="",14>設定!$B$8),"",設定!$B$7+13) | B22: =IF($A22="","",CHOOSE(WEEKDAY($A22,2),"月","火","水","木","金","土","日")) | C22: =IF($A22="","",IF(COUNTIF(祝日!$A:$A,$A22)>0,"祝",CHOOSE(WEEKDAY($A22,2),"月","火","水","木","金","土","日"))) | E22: =IF($A22="","",IF(D22<>"",D22,IF(IF(OR(C22="土",C22="日",C22="祝"),設定!$B$12,設定!$B$11)="あり","ランチ+ディナー","ディナーのみ"))) | F22: =IF($A22="","",IF(E22="ランチ+ディナー",INDEX(集計!$M$38:$M$45,MATCH(C22,集計!$A$38:$A$45,0)),0)) | G22: =IF($A22="","",IF(E22="休業",0,INDEX(集計!$L$38:$L$45,MATCH(C22,集計!$A$38:$A$45,0)))) | H22: =IF(W22=1,$A22-364,"") | I22: =IF(W22=1,IF(AND(E22="ランチ+ディナー",T22>=設定!$B$13),T22,0)+U22,"") | J22: =IF($A22="","",設定!$B$21) | K22: =IF($A22="","",設定!$B$19) | L22: 1 | M22: =IF($A22="","",IF(E22<>"ランチ+ディナー",0,IF(AND(W22=1,T22>=設定!$B$13),(1-設定!$B$17)*F22*J22+設定!$B$17*T22*設定!$B$22,F22*J22)*K22*N(L22))) | N22: =IF($A22="","",IF(E22="休業",0,IF(W22=1,(1-設定!$B$17)*G22*J22+設定!$B$17*U22*設定!$B$22,G22*J22)*K22*N(L22))) | O22: =IF($A22="","",ROUND(M22+N22,0)) | P22: =IF($A22="","",売上予測貼付用!S17) | Q22: =IF($A22="","",IFERROR(P22/O22,"")) | T22: =IF($A22="","",IF(COUNTIF(前年当月データ!$A:$A,$A22-364)=0,"",SUMIFS(前年当月データ!$Q:$Q,前年当月データ!$A:$A,$A22-364,前年当月データ!$K:$K,">=6",前年当月データ!$K:$K,"<"&設定!$B$10))) | U22: =IF(T22="","",SUMIFS(前年当月データ!$Q:$Q,前年当月データ!$A:$A,$A22-364)-T22) | V22: =IF(T22="","",IF(COUNTIF(祝日!$A:$A,($A22-364))>0,"祝",CHOOSE(WEEKDAY(($A22-364),2),"月","火","水","木","金","土","日"))) | W22: =IF($A22="",0,IF(AND(設定!$B$17>0,N(U22)>0,C22<>"祝",V22<>"祝",E22<>"休業"),1,0)) -> 0
A23: =IF(OR(設定!$B$7="",15>設定!$B$8),"",設定!$B$7+14) | B23: =IF($A23="","",CHOOSE(WEEKDAY($A23,2),"月","火","水","木","金","土","日")) | C23: =IF($A23="","",IF(COUNTIF(祝日!$A:$A,$A23)>0,"祝",CHOOSE(WEEKDAY($A23,2),"月","火","水","木","金","土","日"))) | E23: =IF($A23="","",IF(D23<>"",D23,IF(IF(OR(C23="土",C23="日",C23="祝"),設定!$B$12,設定!$B$11)="あり","ランチ+ディナー","ディナーのみ"))) | F23: =IF($A23="","",IF(E23="ランチ+ディナー",INDEX(集計!$M$38:$M$45,MATCH(C23,集計!$A$38:$A$45,0)),0)) | G23: =IF($A23="","",IF(E23="休業",0,INDEX(集計!$L$38:$L$45,MATCH(C23,集計!$A$38:$A$45,0)))) | H23: =IF(W23=1,$A23-364,"") | I23: =IF(W23=1,IF(AND(E23="ランチ+ディナー",T23>=設定!$B$13),T23,0)+U23,"") | J23: =IF($A23="","",設定!$B$21) | K23: =IF($A23="","",設定!$B$19) | L23: 1 | M23: =IF($A23="","",IF(E23<>"ランチ+ディナー",0,IF(AND(W23=1,T23>=設定!$B$13),(1-設定!$B$17)*F23*J23+設定!$B$17*T23*設定!$B$22,F23*J23)*K23*N(L23))) | N23: =IF($A23="","",IF(E23="休業",0,IF(W23=1,(1-設定!$B$17)*G23*J23+設定!$B$17*U23*設定!$B$22,G23*J23)*K23*N(L23))) | O23: =IF($A23="","",ROUND(M23+N23,0)) | P23: =IF($A23="","",売上予測貼付用!S18) | Q23: =IF($A23="","",IFERROR(P23/O23,"")) | T23: =IF($A23="","",IF(COUNTIF(前年当月データ!$A:$A,$A23-364)=0,"",SUMIFS(前年当月データ!$Q:$Q,前年当月データ!$A:$A,$A23-364,前年当月データ!$K:$K,">=6",前年当月データ!$K:$K,"<"&設定!$B$10))) | U23: =IF(T23="","",SUMIFS(前年当月データ!$Q:$Q,前年当月データ!$A:$A,$A23-364)-T23) | V23: =IF(T23="","",IF(COUNTIF(祝日!$A:$A,($A23-364))>0,"祝",CHOOSE(WEEKDAY(($A23-364),2),"月","火","水","木","金","土","日"))) | W23: =IF($A23="",0,IF(AND(設定!$B$17>0,N(U23)>0,C23<>"祝",V23<>"祝",E23<>"休業"),1,0)) -> 0
A24: =IF(OR(設定!$B$7="",16>設定!$B$8),"",設定!$B$7+15) | B24: =IF($A24="","",CHOOSE(WEEKDAY($A24,2),"月","火","水","木","金","土","日")) | C24: =IF($A24="","",IF(COUNTIF(祝日!$A:$A,$A24)>0,"祝",CHOOSE(WEEKDAY($A24,2),"月","火","水","木","金","土","日"))) | E24: =IF($A24="","",IF(D24<>"",D24,IF(IF(OR(C24="土",C24="日",C24="祝"),設定!$B$12,設定!$B$11)="あり","ランチ+ディナー","ディナーのみ"))) | F24: =IF($A24="","",IF(E24="ランチ+ディナー",INDEX(集計!$M$38:$M$45,MATCH(C24,集計!$A$38:$A$45,0)),0)) | G24: =IF($A24="","",IF(E24="休業",0,INDEX(集計!$L$38:$L$45,MATCH(C24,集計!$A$38:$A$45,0)))) | H24: =IF(W24=1,$A24-364,"") | I24: =IF(W24=1,IF(AND(E24="ランチ+ディナー",T24>=設定!$B$13),T24,0)+U24,"") | J24: =IF($A24="","",設定!$B$21) | K24: =IF($A24="","",設定!$B$19) | L24: 1 | M24: =IF($A24="","",IF(E24<>"ランチ+ディナー",0,IF(AND(W24=1,T24>=設定!$B$13),(1-設定!$B$17)*F24*J24+設定!$B$17*T24*設定!$B$22,F24*J24)*K24*N(L24))) | N24: =IF($A24="","",IF(E24="休業",0,IF(W24=1,(1-設定!$B$17)*G24*J24+設定!$B$17*U24*設定!$B$22,G24*J24)*K24*N(L24))) | O24: =IF($A24="","",ROUND(M24+N24,0)) | P24: =IF($A24="","",売上予測貼付用!S19) | Q24: =IF($A24="","",IFERROR(P24/O24,"")) | T24: =IF($A24="","",IF(COUNTIF(前年当月データ!$A:$A,$A24-364)=0,"",SUMIFS(前年当月データ!$Q:$Q,前年当月データ!$A:$A,$A24-364,前年当月データ!$K:$K,">=6",前年当月データ!$K:$K,"<"&設定!$B$10))) | U24: =IF(T24="","",SUMIFS(前年当月データ!$Q:$Q,前年当月データ!$A:$A,$A24-364)-T24) | V24: =IF(T24="","",IF(COUNTIF(祝日!$A:$A,($A24-364))>0,"祝",CHOOSE(WEEKDAY(($A24-364),2),"月","火","水","木","金","土","日"))) | W24: =IF($A24="",0,IF(AND(設定!$B$17>0,N(U24)>0,C24<>"祝",V24<>"祝",E24<>"休業"),1,0)) -> 0
A25: =IF(OR(設定!$B$7="",17>設定!$B$8),"",設定!$B$7+16) | B25: =IF($A25="","",CHOOSE(WEEKDAY($A25,2),"月","火","水","木","金","土","日")) | C25: =IF($A25="","",IF(COUNTIF(祝日!$A:$A,$A25)>0,"祝",CHOOSE(WEEKDAY($A25,2),"月","火","水","木","金","土","日"))) | E25: =IF($A25="","",IF(D25<>"",D25,IF(IF(OR(C25="土",C25="日",C25="祝"),設定!$B$12,設定!$B$11)="あり","ランチ+ディナー","ディナーのみ"))) | F25: =IF($A25="","",IF(E25="ランチ+ディナー",INDEX(集計!$M$38:$M$45,MATCH(C25,集計!$A$38:$A$45,0)),0)) | G25: =IF($A25="","",IF(E25="休業",0,INDEX(集計!$L$38:$L$45,MATCH(C25,集計!$A$38:$A$45,0)))) | H25: =IF(W25=1,$A25-364,"") | I25: =IF(W25=1,IF(AND(E25="ランチ+ディナー",T25>=設定!$B$13),T25,0)+U25,"") | J25: =IF($A25="","",設定!$B$21) | K25: =IF($A25="","",設定!$B$19) | L25: 1 | M25: =IF($A25="","",IF(E25<>"ランチ+ディナー",0,IF(AND(W25=1,T25>=設定!$B$13),(1-設定!$B$17)*F25*J25+設定!$B$17*T25*設定!$B$22,F25*J25)*K25*N(L25))) | N25: =IF($A25="","",IF(E25="休業",0,IF(W25=1,(1-設定!$B$17)*G25*J25+設定!$B$17*U25*設定!$B$22,G25*J25)*K25*N(L25))) | O25: =IF($A25="","",ROUND(M25+N25,0)) | P25: =IF($A25="","",売上予測貼付用!S20) | Q25: =IF($A25="","",IFERROR(P25/O25,"")) | T25: =IF($A25="","",IF(COUNTIF(前年当月データ!$A:$A,$A25-364)=0,"",SUMIFS(前年当月データ!$Q:$Q,前年当月データ!$A:$A,$A25-364,前年当月データ!$K:$K,">=6",前年当月データ!$K:$K,"<"&設定!$B$10))) | U25: =IF(T25="","",SUMIFS(前年当月データ!$Q:$Q,前年当月データ!$A:$A,$A25-364)-T25) | V25: =IF(T25="","",IF(COUNTIF(祝日!$A:$A,($A25-364))>0,"祝",CHOOSE(WEEKDAY(($A25-364),2),"月","火","水","木","金","土","日"))) | W25: =IF($A25="",0,IF(AND(設定!$B$17>0,N(U25)>0,C25<>"祝",V25<>"祝",E25<>"休業"),1,0)) -> 0
A26: =IF(OR(設定!$B$7="",18>設定!$B$8),"",設定!$B$7+17) | B26: =IF($A26="","",CHOOSE(WEEKDAY($A26,2),"月","火","水","木","金","土","日")) | C26: =IF($A26="","",IF(COUNTIF(祝日!$A:$A,$A26)>0,"祝",CHOOSE(WEEKDAY($A26,2),"月","火","水","木","金","土","日"))) | E26: =IF($A26="","",IF(D26<>"",D26,IF(IF(OR(C26="土",C26="日",C26="祝"),設定!$B$12,設定!$B$11)="あり","ランチ+ディナー","ディナーのみ"))) | F26: =IF($A26="","",IF(E26="ランチ+ディナー",INDEX(集計!$M$38:$M$45,MATCH(C26,集計!$A$38:$A$45,0)),0)) | G26: =IF($A26="","",IF(E26="休業",0,INDEX(集計!$L$38:$L$45,MATCH(C26,集計!$A$38:$A$45,0)))) | H26: =IF(W26=1,$A26-364,"") | I26: =IF(W26=1,IF(AND(E26="ランチ+ディナー",T26>=設定!$B$13),T26,0)+U26,"") | J26: =IF($A26="","",設定!$B$21) | K26: =IF($A26="","",設定!$B$19) | L26: 1 | M26: =IF($A26="","",IF(E26<>"ランチ+ディナー",0,IF(AND(W26=1,T26>=設定!$B$13),(1-設定!$B$17)*F26*J26+設定!$B$17*T26*設定!$B$22,F26*J26)*K26*N(L26))) | N26: =IF($A26="","",IF(E26="休業",0,IF(W26=1,(1-設定!$B$17)*G26*J26+設定!$B$17*U26*設定!$B$22,G26*J26)*K26*N(L26))) | O26: =IF($A26="","",ROUND(M26+N26,0)) | P26: =IF($A26="","",売上予測貼付用!S21) | Q26: =IF($A26="","",IFERROR(P26/O26,"")) | T26: =IF($A26="","",IF(COUNTIF(前年当月データ!$A:$A,$A26-364)=0,"",SUMIFS(前年当月データ!$Q:$Q,前年当月データ!$A:$A,$A26-364,前年当月データ!$K:$K,">=6",前年当月データ!$K:$K,"<"&設定!$B$10))) | U26: =IF(T26="","",SUMIFS(前年当月データ!$Q:$Q,前年当月データ!$A:$A,$A26-364)-T26) | V26: =IF(T26="","",IF(COUNTIF(祝日!$A:$A,($A26-364))>0,"祝",CHOOSE(WEEKDAY(($A26-364),2),"月","火","水","木","金","土","日"))) | W26: =IF($A26="",0,IF(AND(設定!$B$17>0,N(U26)>0,C26<>"祝",V26<>"祝",E26<>"休業"),1,0)) -> 0
A27: =IF(OR(設定!$B$7="",19>設定!$B$8),"",設定!$B$7+18) | B27: =IF($A27="","",CHOOSE(WEEKDAY($A27,2),"月","火","水","木","金","土","日")) | C27: =IF($A27="","",IF(COUNTIF(祝日!$A:$A,$A27)>0,"祝",CHOOSE(WEEKDAY($A27,2),"月","火","水","木","金","土","日"))) | E27: =IF($A27="","",IF(D27<>"",D27,IF(IF(OR(C27="土",C27="日",C27="祝"),設定!$B$12,設定!$B$11)="あり","ランチ+ディナー","ディナーのみ"))) | F27: =IF($A27="","",IF(E27="ランチ+ディナー",INDEX(集計!$M$38:$M$45,MATCH(C27,集計!$A$38:$A$45,0)),0)) | G27: =IF($A27="","",IF(E27="休業",0,INDEX(集計!$L$38:$L$45,MATCH(C27,集計!$A$38:$A$45,0)))) | H27: =IF(W27=1,$A27-364,"") | I27: =IF(W27=1,IF(AND(E27="ランチ+ディナー",T27>=設定!$B$13),T27,0)+U27,"") | J27: =IF($A27="","",設定!$B$21) | K27: =IF($A27="","",設定!$B$19) | L27: 1 | M27: =IF($A27="","",IF(E27<>"ランチ+ディナー",0,IF(AND(W27=1,T27>=設定!$B$13),(1-設定!$B$17)*F27*J27+設定!$B$17*T27*設定!$B$22,F27*J27)*K27*N(L27))) | N27: =IF($A27="","",IF(E27="休業",0,IF(W27=1,(1-設定!$B$17)*G27*J27+設定!$B$17*U27*設定!$B$22,G27*J27)*K27*N(L27))) | O27: =IF($A27="","",ROUND(M27+N27,0)) | P27: =IF($A27="","",売上予測貼付用!S22) | Q27: =IF($A27="","",IFERROR(P27/O27,"")) | T27: =IF($A27="","",IF(COUNTIF(前年当月データ!$A:$A,$A27-364)=0,"",SUMIFS(前年当月データ!$Q:$Q,前年当月データ!$A:$A,$A27-364,前年当月データ!$K:$K,">=6",前年当月データ!$K:$K,"<"&設定!$B$10))) | U27: =IF(T27="","",SUMIFS(前年当月データ!$Q:$Q,前年当月データ!$A:$A,$A27-364)-T27) | V27: =IF(T27="","",IF(COUNTIF(祝日!$A:$A,($A27-364))>0,"祝",CHOOSE(WEEKDAY(($A27-364),2),"月","火","水","木","金","土","日"))) | W27: =IF($A27="",0,IF(AND(設定!$B$17>0,N(U27)>0,C27<>"祝",V27<>"祝",E27<>"休業"),1,0)) -> 0
A28: =IF(OR(設定!$B$7="",20>設定!$B$8),"",設定!$B$7+19) | B28: =IF($A28="","",CHOOSE(WEEKDAY($A28,2),"月","火","水","木","金","土","日")) | C28: =IF($A28="","",IF(COUNTIF(祝日!$A:$A,$A28)>0,"祝",CHOOSE(WEEKDAY($A28,2),"月","火","水","木","金","土","日"))) | E28: =IF($A28="","",IF(D28<>"",D28,IF(IF(OR(C28="土",C28="日",C28="祝"),設定!$B$12,設定!$B$11)="あり","ランチ+ディナー","ディナーのみ"))) | F28: =IF($A28="","",IF(E28="ランチ+ディナー",INDEX(集計!$M$38:$M$45,MATCH(C28,集計!$A$38:$A$45,0)),0)) | G28: =IF($A28="","",IF(E28="休業",0,INDEX(集計!$L$38:$L$45,MATCH(C28,集計!$A$38:$A$45,0)))) | H28: =IF(W28=1,$A28-364,"") | I28: =IF(W28=1,IF(AND(E28="ランチ+ディナー",T28>=設定!$B$13),T28,0)+U28,"") | J28: =IF($A28="","",設定!$B$21) | K28: =IF($A28="","",設定!$B$19) | L28: 1 | M28: =IF($A28="","",IF(E28<>"ランチ+ディナー",0,IF(AND(W28=1,T28>=設定!$B$13),(1-設定!$B$17)*F28*J28+設定!$B$17*T28*設定!$B$22,F28*J28)*K28*N(L28))) | N28: =IF($A28="","",IF(E28="休業",0,IF(W28=1,(1-設定!$B$17)*G28*J28+設定!$B$17*U28*設定!$B$22,G28*J28)*K28*N(L28))) | O28: =IF($A28="","",ROUND(M28+N28,0)) | P28: =IF($A28="","",売上予測貼付用!S23) | Q28: =IF($A28="","",IFERROR(P28/O28,"")) | T28: =IF($A28="","",IF(COUNTIF(前年当月データ!$A:$A,$A28-364)=0,"",SUMIFS(前年当月データ!$Q:$Q,前年当月データ!$A:$A,$A28-364,前年当月データ!$K:$K,">=6",前年当月データ!$K:$K,"<"&設定!$B$10))) | U28: =IF(T28="","",SUMIFS(前年当月データ!$Q:$Q,前年当月データ!$A:$A,$A28-364)-T28) | V28: =IF(T28="","",IF(COUNTIF(祝日!$A:$A,($A28-364))>0,"祝",CHOOSE(WEEKDAY(($A28-364),2),"月","火","水","木","金","土","日"))) | W28: =IF($A28="",0,IF(AND(設定!$B$17>0,N(U28)>0,C28<>"祝",V28<>"祝",E28<>"休業"),1,0)) -> 0
A29: =IF(OR(設定!$B$7="",21>設定!$B$8),"",設定!$B$7+20) | B29: =IF($A29="","",CHOOSE(WEEKDAY($A29,2),"月","火","水","木","金","土","日")) | C29: =IF($A29="","",IF(COUNTIF(祝日!$A:$A,$A29)>0,"祝",CHOOSE(WEEKDAY($A29,2),"月","火","水","木","金","土","日"))) | E29: =IF($A29="","",IF(D29<>"",D29,IF(IF(OR(C29="土",C29="日",C29="祝"),設定!$B$12,設定!$B$11)="あり","ランチ+ディナー","ディナーのみ"))) | F29: =IF($A29="","",IF(E29="ランチ+ディナー",INDEX(集計!$M$38:$M$45,MATCH(C29,集計!$A$38:$A$45,0)),0)) | G29: =IF($A29="","",IF(E29="休業",0,INDEX(集計!$L$38:$L$45,MATCH(C29,集計!$A$38:$A$45,0)))) | H29: =IF(W29=1,$A29-364,"") | I29: =IF(W29=1,IF(AND(E29="ランチ+ディナー",T29>=設定!$B$13),T29,0)+U29,"") | J29: =IF($A29="","",設定!$B$21) | K29: =IF($A29="","",設定!$B$19) | L29: 1 | M29: =IF($A29="","",IF(E29<>"ランチ+ディナー",0,IF(AND(W29=1,T29>=設定!$B$13),(1-設定!$B$17)*F29*J29+設定!$B$17*T29*設定!$B$22,F29*J29)*K29*N(L29))) | N29: =IF($A29="","",IF(E29="休業",0,IF(W29=1,(1-設定!$B$17)*G29*J29+設定!$B$17*U29*設定!$B$22,G29*J29)*K29*N(L29))) | O29: =IF($A29="","",ROUND(M29+N29,0)) | P29: =IF($A29="","",売上予測貼付用!S24) | Q29: =IF($A29="","",IFERROR(P29/O29,"")) | T29: =IF($A29="","",IF(COUNTIF(前年当月データ!$A:$A,$A29-364)=0,"",SUMIFS(前年当月データ!$Q:$Q,前年当月データ!$A:$A,$A29-364,前年当月データ!$K:$K,">=6",前年当月データ!$K:$K,"<"&設定!$B$10))) | U29: =IF(T29="","",SUMIFS(前年当月データ!$Q:$Q,前年当月データ!$A:$A,$A29-364)-T29) | V29: =IF(T29="","",IF(COUNTIF(祝日!$A:$A,($A29-364))>0,"祝",CHOOSE(WEEKDAY(($A29-364),2),"月","火","水","木","金","土","日"))) | W29: =IF($A29="",0,IF(AND(設定!$B$17>0,N(U29)>0,C29<>"祝",V29<>"祝",E29<>"休業"),1,0)) -> 0
A30: =IF(OR(設定!$B$7="",22>設定!$B$8),"",設定!$B$7+21) | B30: =IF($A30="","",CHOOSE(WEEKDAY($A30,2),"月","火","水","木","金","土","日")) | C30: =IF($A30="","",IF(COUNTIF(祝日!$A:$A,$A30)>0,"祝",CHOOSE(WEEKDAY($A30,2),"月","火","水","木","金","土","日"))) | E30: =IF($A30="","",IF(D30<>"",D30,IF(IF(OR(C30="土",C30="日",C30="祝"),設定!$B$12,設定!$B$11)="あり","ランチ+ディナー","ディナーのみ"))) | F30: =IF($A30="","",IF(E30="ランチ+ディナー",INDEX(集計!$M$38:$M$45,MATCH(C30,集計!$A$38:$A$45,0)),0)) | G30: =IF($A30="","",IF(E30="休業",0,INDEX(集計!$L$38:$L$45,MATCH(C30,集計!$A$38:$A$45,0)))) | H30: =IF(W30=1,$A30-364,"") | I30: =IF(W30=1,IF(AND(E30="ランチ+ディナー",T30>=設定!$B$13),T30,0)+U30,"") | J30: =IF($A30="","",設定!$B$21) | K30: =IF($A30="","",設定!$B$19) | L30: 1 | M30: =IF($A30="","",IF(E30<>"ランチ+ディナー",0,IF(AND(W30=1,T30>=設定!$B$13),(1-設定!$B$17)*F30*J30+設定!$B$17*T30*設定!$B$22,F30*J30)*K30*N(L30))) | N30: =IF($A30="","",IF(E30="休業",0,IF(W30=1,(1-設定!$B$17)*G30*J30+設定!$B$17*U30*設定!$B$22,G30*J30)*K30*N(L30))) | O30: =IF($A30="","",ROUND(M30+N30,0)) | P30: =IF($A30="","",売上予測貼付用!S25) | Q30: =IF($A30="","",IFERROR(P30/O30,"")) | T30: =IF($A30="","",IF(COUNTIF(前年当月データ!$A:$A,$A30-364)=0,"",SUMIFS(前年当月データ!$Q:$Q,前年当月データ!$A:$A,$A30-364,前年当月データ!$K:$K,">=6",前年当月データ!$K:$K,"<"&設定!$B$10))) | U30: =IF(T30="","",SUMIFS(前年当月データ!$Q:$Q,前年当月データ!$A:$A,$A30-364)-T30) | V30: =IF(T30="","",IF(COUNTIF(祝日!$A:$A,($A30-364))>0,"祝",CHOOSE(WEEKDAY(($A30-364),2),"月","火","水","木","金","土","日"))) | W30: =IF($A30="",0,IF(AND(設定!$B$17>0,N(U30)>0,C30<>"祝",V30<>"祝",E30<>"休業"),1,0)) -> 0
A31: =IF(OR(設定!$B$7="",23>設定!$B$8),"",設定!$B$7+22) | B31: =IF($A31="","",CHOOSE(WEEKDAY($A31,2),"月","火","水","木","金","土","日")) | C31: =IF($A31="","",IF(COUNTIF(祝日!$A:$A,$A31)>0,"祝",CHOOSE(WEEKDAY($A31,2),"月","火","水","木","金","土","日"))) | E31: =IF($A31="","",IF(D31<>"",D31,IF(IF(OR(C31="土",C31="日",C31="祝"),設定!$B$12,設定!$B$11)="あり","ランチ+ディナー","ディナーのみ"))) | F31: =IF($A31="","",IF(E31="ランチ+ディナー",INDEX(集計!$M$38:$M$45,MATCH(C31,集計!$A$38:$A$45,0)),0)) | G31: =IF($A31="","",IF(E31="休業",0,INDEX(集計!$L$38:$L$45,MATCH(C31,集計!$A$38:$A$45,0)))) | H31: =IF(W31=1,$A31-364,"") | I31: =IF(W31=1,IF(AND(E31="ランチ+ディナー",T31>=設定!$B$13),T31,0)+U31,"") | J31: =IF($A31="","",設定!$B$21) | K31: =IF($A31="","",設定!$B$19) | L31: 1 | M31: =IF($A31="","",IF(E31<>"ランチ+ディナー",0,IF(AND(W31=1,T31>=設定!$B$13),(1-設定!$B$17)*F31*J31+設定!$B$17*T31*設定!$B$22,F31*J31)*K31*N(L31))) | N31: =IF($A31="","",IF(E31="休業",0,IF(W31=1,(1-設定!$B$17)*G31*J31+設定!$B$17*U31*設定!$B$22,G31*J31)*K31*N(L31))) | O31: =IF($A31="","",ROUND(M31+N31,0)) | P31: =IF($A31="","",売上予測貼付用!S26) | Q31: =IF($A31="","",IFERROR(P31/O31,"")) | T31: =IF($A31="","",IF(COUNTIF(前年当月データ!$A:$A,$A31-364)=0,"",SUMIFS(前年当月データ!$Q:$Q,前年当月データ!$A:$A,$A31-364,前年当月データ!$K:$K,">=6",前年当月データ!$K:$K,"<"&設定!$B$10))) | U31: =IF(T31="","",SUMIFS(前年当月データ!$Q:$Q,前年当月データ!$A:$A,$A31-364)-T31) | V31: =IF(T31="","",IF(COUNTIF(祝日!$A:$A,($A31-364))>0,"祝",CHOOSE(WEEKDAY(($A31-364),2),"月","火","水","木","金","土","日"))) | W31: =IF($A31="",0,IF(AND(設定!$B$17>0,N(U31)>0,C31<>"祝",V31<>"祝",E31<>"休業"),1,0)) -> 0
A32: =IF(OR(設定!$B$7="",24>設定!$B$8),"",設定!$B$7+23) | B32: =IF($A32="","",CHOOSE(WEEKDAY($A32,2),"月","火","水","木","金","土","日")) | C32: =IF($A32="","",IF(COUNTIF(祝日!$A:$A,$A32)>0,"祝",CHOOSE(WEEKDAY($A32,2),"月","火","水","木","金","土","日"))) | E32: =IF($A32="","",IF(D32<>"",D32,IF(IF(OR(C32="土",C32="日",C32="祝"),設定!$B$12,設定!$B$11)="あり","ランチ+ディナー","ディナーのみ"))) | F32: =IF($A32="","",IF(E32="ランチ+ディナー",INDEX(集計!$M$38:$M$45,MATCH(C32,集計!$A$38:$A$45,0)),0)) | G32: =IF($A32="","",IF(E32="休業",0,INDEX(集計!$L$38:$L$45,MATCH(C32,集計!$A$38:$A$45,0)))) | H32: =IF(W32=1,$A32-364,"") | I32: =IF(W32=1,IF(AND(E32="ランチ+ディナー",T32>=設定!$B$13),T32,0)+U32,"") | J32: =IF($A32="","",設定!$B$21) | K32: =IF($A32="","",設定!$B$19) | L32: 1 | M32: =IF($A32="","",IF(E32<>"ランチ+ディナー",0,IF(AND(W32=1,T32>=設定!$B$13),(1-設定!$B$17)*F32*J32+設定!$B$17*T32*設定!$B$22,F32*J32)*K32*N(L32))) | N32: =IF($A32="","",IF(E32="休業",0,IF(W32=1,(1-設定!$B$17)*G32*J32+設定!$B$17*U32*設定!$B$22,G32*J32)*K32*N(L32))) | O32: =IF($A32="","",ROUND(M32+N32,0)) | P32: =IF($A32="","",売上予測貼付用!S27) | Q32: =IF($A32="","",IFERROR(P32/O32,"")) | T32: =IF($A32="","",IF(COUNTIF(前年当月データ!$A:$A,$A32-364)=0,"",SUMIFS(前年当月データ!$Q:$Q,前年当月データ!$A:$A,$A32-364,前年当月データ!$K:$K,">=6",前年当月データ!$K:$K,"<"&設定!$B$10))) | U32: =IF(T32="","",SUMIFS(前年当月データ!$Q:$Q,前年当月データ!$A:$A,$A32-364)-T32) | V32: =IF(T32="","",IF(COUNTIF(祝日!$A:$A,($A32-364))>0,"祝",CHOOSE(WEEKDAY(($A32-364),2),"月","火","水","木","金","土","日"))) | W32: =IF($A32="",0,IF(AND(設定!$B$17>0,N(U32)>0,C32<>"祝",V32<>"祝",E32<>"休業"),1,0)) -> 0
A33: =IF(OR(設定!$B$7="",25>設定!$B$8),"",設定!$B$7+24) | B33: =IF($A33="","",CHOOSE(WEEKDAY($A33,2),"月","火","水","木","金","土","日")) | C33: =IF($A33="","",IF(COUNTIF(祝日!$A:$A,$A33)>0,"祝",CHOOSE(WEEKDAY($A33,2),"月","火","水","木","金","土","日"))) | E33: =IF($A33="","",IF(D33<>"",D33,IF(IF(OR(C33="土",C33="日",C33="祝"),設定!$B$12,設定!$B$11)="あり","ランチ+ディナー","ディナーのみ"))) | F33: =IF($A33="","",IF(E33="ランチ+ディナー",INDEX(集計!$M$38:$M$45,MATCH(C33,集計!$A$38:$A$45,0)),0)) | G33: =IF($A33="","",IF(E33="休業",0,INDEX(集計!$L$38:$L$45,MATCH(C33,集計!$A$38:$A$45,0)))) | H33: =IF(W33=1,$A33-364,"") | I33: =IF(W33=1,IF(AND(E33="ランチ+ディナー",T33>=設定!$B$13),T33,0)+U33,"") | J33: =IF($A33="","",設定!$B$21) | K33: =IF($A33="","",設定!$B$19) | L33: 1 | M33: =IF($A33="","",IF(E33<>"ランチ+ディナー",0,IF(AND(W33=1,T33>=設定!$B$13),(1-設定!$B$17)*F33*J33+設定!$B$17*T33*設定!$B$22,F33*J33)*K33*N(L33))) | N33: =IF($A33="","",IF(E33="休業",0,IF(W33=1,(1-設定!$B$17)*G33*J33+設定!$B$17*U33*設定!$B$22,G33*J33)*K33*N(L33))) | O33: =IF($A33="","",ROUND(M33+N33,0)) | P33: =IF($A33="","",売上予測貼付用!S28) | Q33: =IF($A33="","",IFERROR(P33/O33,"")) | T33: =IF($A33="","",IF(COUNTIF(前年当月データ!$A:$A,$A33-364)=0,"",SUMIFS(前年当月データ!$Q:$Q,前年当月データ!$A:$A,$A33-364,前年当月データ!$K:$K,">=6",前年当月データ!$K:$K,"<"&設定!$B$10))) | U33: =IF(T33="","",SUMIFS(前年当月データ!$Q:$Q,前年当月データ!$A:$A,$A33-364)-T33) | V33: =IF(T33="","",IF(COUNTIF(祝日!$A:$A,($A33-364))>0,"祝",CHOOSE(WEEKDAY(($A33-364),2),"月","火","水","木","金","土","日"))) | W33: =IF($A33="",0,IF(AND(設定!$B$17>0,N(U33)>0,C33<>"祝",V33<>"祝",E33<>"休業"),1,0)) -> 0
A34: =IF(OR(設定!$B$7="",26>設定!$B$8),"",設定!$B$7+25) | B34: =IF($A34="","",CHOOSE(WEEKDAY($A34,2),"月","火","水","木","金","土","日")) | C34: =IF($A34="","",IF(COUNTIF(祝日!$A:$A,$A34)>0,"祝",CHOOSE(WEEKDAY($A34,2),"月","火","水","木","金","土","日"))) | E34: =IF($A34="","",IF(D34<>"",D34,IF(IF(OR(C34="土",C34="日",C34="祝"),設定!$B$12,設定!$B$11)="あり","ランチ+ディナー","ディナーのみ"))) | F34: =IF($A34="","",IF(E34="ランチ+ディナー",INDEX(集計!$M$38:$M$45,MATCH(C34,集計!$A$38:$A$45,0)),0)) | G34: =IF($A34="","",IF(E34="休業",0,INDEX(集計!$L$38:$L$45,MATCH(C34,集計!$A$38:$A$45,0)))) | H34: =IF(W34=1,$A34-364,"") | I34: =IF(W34=1,IF(AND(E34="ランチ+ディナー",T34>=設定!$B$13),T34,0)+U34,"") | J34: =IF($A34="","",設定!$B$21) | K34: =IF($A34="","",設定!$B$19) | L34: 1 | M34: =IF($A34="","",IF(E34<>"ランチ+ディナー",0,IF(AND(W34=1,T34>=設定!$B$13),(1-設定!$B$17)*F34*J34+設定!$B$17*T34*設定!$B$22,F34*J34)*K34*N(L34))) | N34: =IF($A34="","",IF(E34="休業",0,IF(W34=1,(1-設定!$B$17)*G34*J34+設定!$B$17*U34*設定!$B$22,G34*J34)*K34*N(L34))) | O34: =IF($A34="","",ROUND(M34+N34,0)) | P34: =IF($A34="","",売上予測貼付用!S29) | Q34: =IF($A34="","",IFERROR(P34/O34,"")) | T34: =IF($A34="","",IF(COUNTIF(前年当月データ!$A:$A,$A34-364)=0,"",SUMIFS(前年当月データ!$Q:$Q,前年当月データ!$A:$A,$A34-364,前年当月データ!$K:$K,">=6",前年当月データ!$K:$K,"<"&設定!$B$10))) | U34: =IF(T34="","",SUMIFS(前年当月データ!$Q:$Q,前年当月データ!$A:$A,$A34-364)-T34) | V34: =IF(T34="","",IF(COUNTIF(祝日!$A:$A,($A34-364))>0,"祝",CHOOSE(WEEKDAY(($A34-364),2),"月","火","水","木","金","土","日"))) | W34: =IF($A34="",0,IF(AND(設定!$B$17>0,N(U34)>0,C34<>"祝",V34<>"祝",E34<>"休業"),1,0)) -> 0
A35: =IF(OR(設定!$B$7="",27>設定!$B$8),"",設定!$B$7+26) | B35: =IF($A35="","",CHOOSE(WEEKDAY($A35,2),"月","火","水","木","金","土","日")) | C35: =IF($A35="","",IF(COUNTIF(祝日!$A:$A,$A35)>0,"祝",CHOOSE(WEEKDAY($A35,2),"月","火","水","木","金","土","日"))) | E35: =IF($A35="","",IF(D35<>"",D35,IF(IF(OR(C35="土",C35="日",C35="祝"),設定!$B$12,設定!$B$11)="あり","ランチ+ディナー","ディナーのみ"))) | F35: =IF($A35="","",IF(E35="ランチ+ディナー",INDEX(集計!$M$38:$M$45,MATCH(C35,集計!$A$38:$A$45,0)),0)) | G35: =IF($A35="","",IF(E35="休業",0,INDEX(集計!$L$38:$L$45,MATCH(C35,集計!$A$38:$A$45,0)))) | H35: =IF(W35=1,$A35-364,"") | I35: =IF(W35=1,IF(AND(E35="ランチ+ディナー",T35>=設定!$B$13),T35,0)+U35,"") | J35: =IF($A35="","",設定!$B$21) | K35: =IF($A35="","",設定!$B$19) | L35: 1 | M35: =IF($A35="","",IF(E35<>"ランチ+ディナー",0,IF(AND(W35=1,T35>=設定!$B$13),(1-設定!$B$17)*F35*J35+設定!$B$17*T35*設定!$B$22,F35*J35)*K35*N(L35))) | N35: =IF($A35="","",IF(E35="休業",0,IF(W35=1,(1-設定!$B$17)*G35*J35+設定!$B$17*U35*設定!$B$22,G35*J35)*K35*N(L35))) | O35: =IF($A35="","",ROUND(M35+N35,0)) | P35: =IF($A35="","",売上予測貼付用!S30) | Q35: =IF($A35="","",IFERROR(P35/O35,"")) | T35: =IF($A35="","",IF(COUNTIF(前年当月データ!$A:$A,$A35-364)=0,"",SUMIFS(前年当月データ!$Q:$Q,前年当月データ!$A:$A,$A35-364,前年当月データ!$K:$K,">=6",前年当月データ!$K:$K,"<"&設定!$B$10))) | U35: =IF(T35="","",SUMIFS(前年当月データ!$Q:$Q,前年当月データ!$A:$A,$A35-364)-T35) | V35: =IF(T35="","",IF(COUNTIF(祝日!$A:$A,($A35-364))>0,"祝",CHOOSE(WEEKDAY(($A35-364),2),"月","火","水","木","金","土","日"))) | W35: =IF($A35="",0,IF(AND(設定!$B$17>0,N(U35)>0,C35<>"祝",V35<>"祝",E35<>"休業"),1,0)) -> 0
A36: =IF(OR(設定!$B$7="",28>設定!$B$8),"",設定!$B$7+27) | B36: =IF($A36="","",CHOOSE(WEEKDAY($A36,2),"月","火","水","木","金","土","日")) | C36: =IF($A36="","",IF(COUNTIF(祝日!$A:$A,$A36)>0,"祝",CHOOSE(WEEKDAY($A36,2),"月","火","水","木","金","土","日"))) | E36: =IF($A36="","",IF(D36<>"",D36,IF(IF(OR(C36="土",C36="日",C36="祝"),設定!$B$12,設定!$B$11)="あり","ランチ+ディナー","ディナーのみ"))) | F36: =IF($A36="","",IF(E36="ランチ+ディナー",INDEX(集計!$M$38:$M$45,MATCH(C36,集計!$A$38:$A$45,0)),0)) | G36: =IF($A36="","",IF(E36="休業",0,INDEX(集計!$L$38:$L$45,MATCH(C36,集計!$A$38:$A$45,0)))) | H36: =IF(W36=1,$A36-364,"") | I36: =IF(W36=1,IF(AND(E36="ランチ+ディナー",T36>=設定!$B$13),T36,0)+U36,"") | J36: =IF($A36="","",設定!$B$21) | K36: =IF($A36="","",設定!$B$19) | L36: 1 | M36: =IF($A36="","",IF(E36<>"ランチ+ディナー",0,IF(AND(W36=1,T36>=設定!$B$13),(1-設定!$B$17)*F36*J36+設定!$B$17*T36*設定!$B$22,F36*J36)*K36*N(L36))) | N36: =IF($A36="","",IF(E36="休業",0,IF(W36=1,(1-設定!$B$17)*G36*J36+設定!$B$17*U36*設定!$B$22,G36*J36)*K36*N(L36))) | O36: =IF($A36="","",ROUND(M36+N36,0)) | P36: =IF($A36="","",売上予測貼付用!S31) | Q36: =IF($A36="","",IFERROR(P36/O36,"")) | T36: =IF($A36="","",IF(COUNTIF(前年当月データ!$A:$A,$A36-364)=0,"",SUMIFS(前年当月データ!$Q:$Q,前年当月データ!$A:$A,$A36-364,前年当月データ!$K:$K,">=6",前年当月データ!$K:$K,"<"&設定!$B$10))) | U36: =IF(T36="","",SUMIFS(前年当月データ!$Q:$Q,前年当月データ!$A:$A,$A36-364)-T36) | V36: =IF(T36="","",IF(COUNTIF(祝日!$A:$A,($A36-364))>0,"祝",CHOOSE(WEEKDAY(($A36-364),2),"月","火","水","木","金","土","日"))) | W36: =IF($A36="",0,IF(AND(設定!$B$17>0,N(U36)>0,C36<>"祝",V36<>"祝",E36<>"休業"),1,0)) -> 0
A37: =IF(OR(設定!$B$7="",29>設定!$B$8),"",設定!$B$7+28) | B37: =IF($A37="","",CHOOSE(WEEKDAY($A37,2),"月","火","水","木","金","土","日")) | C37: =IF($A37="","",IF(COUNTIF(祝日!$A:$A,$A37)>0,"祝",CHOOSE(WEEKDAY($A37,2),"月","火","水","木","金","土","日"))) | E37: =IF($A37="","",IF(D37<>"",D37,IF(IF(OR(C37="土",C37="日",C37="祝"),設定!$B$12,設定!$B$11)="あり","ランチ+ディナー","ディナーのみ"))) | F37: =IF($A37="","",IF(E37="ランチ+ディナー",INDEX(集計!$M$38:$M$45,MATCH(C37,集計!$A$38:$A$45,0)),0)) | G37: =IF($A37="","",IF(E37="休業",0,INDEX(集計!$L$38:$L$45,MATCH(C37,集計!$A$38:$A$45,0)))) | H37: =IF(W37=1,$A37-364,"") | I37: =IF(W37=1,IF(AND(E37="ランチ+ディナー",T37>=設定!$B$13),T37,0)+U37,"") | J37: =IF($A37="","",設定!$B$21) | K37: =IF($A37="","",設定!$B$19) | L37: 1 | M37: =IF($A37="","",IF(E37<>"ランチ+ディナー",0,IF(AND(W37=1,T37>=設定!$B$13),(1-設定!$B$17)*F37*J37+設定!$B$17*T37*設定!$B$22,F37*J37)*K37*N(L37))) | N37: =IF($A37="","",IF(E37="休業",0,IF(W37=1,(1-設定!$B$17)*G37*J37+設定!$B$17*U37*設定!$B$22,G37*J37)*K37*N(L37))) | O37: =IF($A37="","",ROUND(M37+N37,0)) | P37: =IF($A37="","",売上予測貼付用!S32) | Q37: =IF($A37="","",IFERROR(P37/O37,"")) | T37: =IF($A37="","",IF(COUNTIF(前年当月データ!$A:$A,$A37-364)=0,"",SUMIFS(前年当月データ!$Q:$Q,前年当月データ!$A:$A,$A37-364,前年当月データ!$K:$K,">=6",前年当月データ!$K:$K,"<"&設定!$B$10))) | U37: =IF(T37="","",SUMIFS(前年当月データ!$Q:$Q,前年当月データ!$A:$A,$A37-364)-T37) | V37: =IF(T37="","",IF(COUNTIF(祝日!$A:$A,($A37-364))>0,"祝",CHOOSE(WEEKDAY(($A37-364),2),"月","火","水","木","金","土","日"))) | W37: =IF($A37="",0,IF(AND(設定!$B$17>0,N(U37)>0,C37<>"祝",V37<>"祝",E37<>"休業"),1,0)) -> 0
A38: =IF(OR(設定!$B$7="",30>設定!$B$8),"",設定!$B$7+29) | B38: =IF($A38="","",CHOOSE(WEEKDAY($A38,2),"月","火","水","木","金","土","日")) | C38: =IF($A38="","",IF(COUNTIF(祝日!$A:$A,$A38)>0,"祝",CHOOSE(WEEKDAY($A38,2),"月","火","水","木","金","土","日"))) | E38: =IF($A38="","",IF(D38<>"",D38,IF(IF(OR(C38="土",C38="日",C38="祝"),設定!$B$12,設定!$B$11)="あり","ランチ+ディナー","ディナーのみ"))) | F38: =IF($A38="","",IF(E38="ランチ+ディナー",INDEX(集計!$M$38:$M$45,MATCH(C38,集計!$A$38:$A$45,0)),0)) | G38: =IF($A38="","",IF(E38="休業",0,INDEX(集計!$L$38:$L$45,MATCH(C38,集計!$A$38:$A$45,0)))) | H38: =IF(W38=1,$A38-364,"") | I38: =IF(W38=1,IF(AND(E38="ランチ+ディナー",T38>=設定!$B$13),T38,0)+U38,"") | J38: =IF($A38="","",設定!$B$21) | K38: =IF($A38="","",設定!$B$19) | L38: 1 | M38: =IF($A38="","",IF(E38<>"ランチ+ディナー",0,IF(AND(W38=1,T38>=設定!$B$13),(1-設定!$B$17)*F38*J38+設定!$B$17*T38*設定!$B$22,F38*J38)*K38*N(L38))) | N38: =IF($A38="","",IF(E38="休業",0,IF(W38=1,(1-設定!$B$17)*G38*J38+設定!$B$17*U38*設定!$B$22,G38*J38)*K38*N(L38))) | O38: =IF($A38="","",ROUND(M38+N38,0)) | P38: =IF($A38="","",売上予測貼付用!S33) | Q38: =IF($A38="","",IFERROR(P38/O38,"")) | T38: =IF($A38="","",IF(COUNTIF(前年当月データ!$A:$A,$A38-364)=0,"",SUMIFS(前年当月データ!$Q:$Q,前年当月データ!$A:$A,$A38-364,前年当月データ!$K:$K,">=6",前年当月データ!$K:$K,"<"&設定!$B$10))) | U38: =IF(T38="","",SUMIFS(前年当月データ!$Q:$Q,前年当月データ!$A:$A,$A38-364)-T38) | V38: =IF(T38="","",IF(COUNTIF(祝日!$A:$A,($A38-364))>0,"祝",CHOOSE(WEEKDAY(($A38-364),2),"月","火","水","木","金","土","日"))) | W38: =IF($A38="",0,IF(AND(設定!$B$17>0,N(U38)>0,C38<>"祝",V38<>"祝",E38<>"休業"),1,0)) -> 0
A39: =IF(OR(設定!$B$7="",31>設定!$B$8),"",設定!$B$7+30) | B39: =IF($A39="","",CHOOSE(WEEKDAY($A39,2),"月","火","水","木","金","土","日")) | C39: =IF($A39="","",IF(COUNTIF(祝日!$A:$A,$A39)>0,"祝",CHOOSE(WEEKDAY($A39,2),"月","火","水","木","金","土","日"))) | E39: =IF($A39="","",IF(D39<>"",D39,IF(IF(OR(C39="土",C39="日",C39="祝"),設定!$B$12,設定!$B$11)="あり","ランチ+ディナー","ディナーのみ"))) | F39: =IF($A39="","",IF(E39="ランチ+ディナー",INDEX(集計!$M$38:$M$45,MATCH(C39,集計!$A$38:$A$45,0)),0)) | G39: =IF($A39="","",IF(E39="休業",0,INDEX(集計!$L$38:$L$45,MATCH(C39,集計!$A$38:$A$45,0)))) | H39: =IF(W39=1,$A39-364,"") | I39: =IF(W39=1,IF(AND(E39="ランチ+ディナー",T39>=設定!$B$13),T39,0)+U39,"") | J39: =IF($A39="","",設定!$B$21) | K39: =IF($A39="","",設定!$B$19) | L39: 1 | M39: =IF($A39="","",IF(E39<>"ランチ+ディナー",0,IF(AND(W39=1,T39>=設定!$B$13),(1-設定!$B$17)*F39*J39+設定!$B$17*T39*設定!$B$22,F39*J39)*K39*N(L39))) | N39: =IF($A39="","",IF(E39="休業",0,IF(W39=1,(1-設定!$B$17)*G39*J39+設定!$B$17*U39*設定!$B$22,G39*J39)*K39*N(L39))) | O39: =IF($A39="","",ROUND(M39+N39,0)) | P39: =IF($A39="","",売上予測貼付用!S34) | Q39: =IF($A39="","",IFERROR(P39/O39,"")) | T39: =IF($A39="","",IF(COUNTIF(前年当月データ!$A:$A,$A39-364)=0,"",SUMIFS(前年当月データ!$Q:$Q,前年当月データ!$A:$A,$A39-364,前年当月データ!$K:$K,">=6",前年当月データ!$K:$K,"<"&設定!$B$10))) | U39: =IF(T39="","",SUMIFS(前年当月データ!$Q:$Q,前年当月データ!$A:$A,$A39-364)-T39) | V39: =IF(T39="","",IF(COUNTIF(祝日!$A:$A,($A39-364))>0,"祝",CHOOSE(WEEKDAY(($A39-364),2),"月","火","水","木","金","土","日"))) | W39: =IF($A39="",0,IF(AND(設定!$B$17>0,N(U39)>0,C39<>"祝",V39<>"祝",E39<>"休業"),1,0)) -> 0
A40: 合計 | M40: =SUM(M9:M39) -> 0 | N40: =SUM(N9:N39) -> 0 | O40: =SUM(O9:O39) -> 0 | P40: =SUM(P9:P39) -> 0 | Q40: =IFERROR(P40/O40,"")

Sheet 時間帯別予測
A1: =IF(設定!$B$7="","時間帯別 予測客数",TEXT(設定!$B$7,"yyyy年m月")&" 時間帯別 予測客数（シフト作成用）") -> 時間帯別 予測客数
A2: 予測ランチ・予測ディナーを、同じ日タイプの時刻別構成比で配分。ディナーのみの日は夜営業開始前が0になります。小数は四捨五入表示のため合計が±数名ずれることがあります。
D3: 時間帯→ | E3: =IFERROR(INDEX(設定!$F$4:$F$27,MATCH(E4,設定!$E$4:$E$27,0)),"") -> ランチ | F3: =IFERROR(INDEX(設定!$F$4:$F$27,MATCH(F4,設定!$E$4:$E$27,0)),"") -> ランチ | G3: =IFERROR(INDEX(設定!$F$4:$F$27,MATCH(G4,設定!$E$4:$E$27,0)),"") -> ランチ | H3: =IFERROR(INDEX(設定!$F$4:$F$27,MATCH(H4,設定!$E$4:$E$27,0)),"") -> ランチ | I3: =IFERROR(INDEX(設定!$F$4:$F$27,MATCH(I4,設定!$E$4:$E$27,0)),"") -> アイドル | J3: =IFERROR(INDEX(設定!$F$4:$F$27,MATCH(J4,設定!$E$4:$E$27,0)),"") -> アイドル | K3: =IFERROR(INDEX(設定!$F$4:$F$27,MATCH(K4,設定!$E$4:$E$27,0)),"") -> アイドル | L3: =IFERROR(INDEX(設定!$F$4:$F$27,MATCH(L4,設定!$E$4:$E$27,0)),"") -> ディナー | ... Q3: =IFERROR(INDEX(設定!$F$4:$F$27,MATCH(Q4,設定!$E$4:$E$27,0)),"") -> ナイト
A4: 日付 | B4: タイプ | C4: 営業区分 | D4: 日予測 | E4: =集計!B52 -> 11 | F4: =集計!C52 -> 12 | G4: =集計!D52 -> 13 | H4: =集計!E52 -> 14 | I4: =集計!F52 -> 15 | J4: =集計!G52 -> 16 | K4: =集計!H52 -> 17 | L4: =集計!I52 -> 18 | ... Q4: =集計!N52 -> 23
A5: =予測!A9 | B5: =予測!C9 | C5: =予測!E9 | D5: =予測!O9 | E5: =IF($A5="","",IF(集計!B$52<設定!$B$10,予測!$M9,予測!$N9)*INDEX(集計!B$64:B$71,MATCH($B5,集計!$A$64:$A$71,0))) | F5: =IF($A5="","",IF(集計!C$52<設定!$B$10,予測!$M9,予測!$N9)*INDEX(集計!C$64:C$71,MATCH($B5,集計!$A$64:$A$71,0))) | G5: =IF($A5="","",IF(集計!D$52<設定!$B$10,予測!$M9,予測!$N9)*INDEX(集計!D$64:D$71,MATCH($B5,集計!$A$64:$A$71,0))) | H5: =IF($A5="","",IF(集計!E$52<設定!$B$10,予測!$M9,予測!$N9)*INDEX(集計!E$64:E$71,MATCH($B5,集計!$A$64:$A$71,0))) | I5: =IF($A5="","",IF(集計!F$52<設定!$B$10,予測!$M9,予測!$N9)*INDEX(集計!F$64:F$71,MATCH($B5,集計!$A$64:$A$71,0))) | J5: =IF($A5="","",IF(集計!G$52<設定!$B$10,予測!$M9,予測!$N9)*INDEX(集計!G$64:G$71,MATCH($B5,集計!$A$64:$A$71,0))) | K5: =IF($A5="","",IF(集計!H$52<設定!$B$10,予測!$M9,予測!$N9)*INDEX(集計!H$64:H$71,MATCH($B5,集計!$A$64:$A$71,0))) | L5: =IF($A5="","",IF(集計!I$52<設定!$B$10,予測!$M9,予測!$N9)*INDEX(集計!I$64:I$71,MATCH($B5,集計!$A$64:$A$71,0))) | ... Q5: =IF($A5="","",IF(集計!N$52<設定!$B$10,予測!$M9,予測!$N9)*INDEX(集計!N$64:N$71,MATCH($B5,集計!$A$64:$A$71,0)))
A6: =予測!A10 | B6: =予測!C10 | C6: =予測!E10 | D6: =予測!O10 | E6: =IF($A6="","",IF(集計!B$52<設定!$B$10,予測!$M10,予測!$N10)*INDEX(集計!B$64:B$71,MATCH($B6,集計!$A$64:$A$71,0))) | F6: =IF($A6="","",IF(集計!C$52<設定!$B$10,予測!$M10,予測!$N10)*INDEX(集計!C$64:C$71,MATCH($B6,集計!$A$64:$A$71,0))) | G6: =IF($A6="","",IF(集計!D$52<設定!$B$10,予測!$M10,予測!$N10)*INDEX(集計!D$64:D$71,MATCH($B6,集計!$A$64:$A$71,0))) | H6: =IF($A6="","",IF(集計!E$52<設定!$B$10,予測!$M10,予測!$N10)*INDEX(集計!E$64:E$71,MATCH($B6,集計!$A$64:$A$71,0))) | I6: =IF($A6="","",IF(集計!F$52<設定!$B$10,予測!$M10,予測!$N10)*INDEX(集計!F$64:F$71,MATCH($B6,集計!$A$64:$A$71,0))) | J6: =IF($A6="","",IF(集計!G$52<設定!$B$10,予測!$M10,予測!$N10)*INDEX(集計!G$64:G$71,MATCH($B6,集計!$A$64:$A$71,0))) | K6: =IF($A6="","",IF(集計!H$52<設定!$B$10,予測!$M10,予測!$N10)*INDEX(集計!H$64:H$71,MATCH($B6,集計!$A$64:$A$71,0))) | L6: =IF($A6="","",IF(集計!I$52<設定!$B$10,予測!$M10,予測!$N10)*INDEX(集計!I$64:I$71,MATCH($B6,集計!$A$64:$A$71,0))) | ... Q6: =IF($A6="","",IF(集計!N$52<設定!$B$10,予測!$M10,予測!$N10)*INDEX(集計!N$64:N$71,MATCH($B6,集計!$A$64:$A$71,0)))
A7: =予測!A11 | B7: =予測!C11 | C7: =予測!E11 | D7: =予測!O11 | E7: =IF($A7="","",IF(集計!B$52<設定!$B$10,予測!$M11,予測!$N11)*INDEX(集計!B$64:B$71,MATCH($B7,集計!$A$64:$A$71,0))) | F7: =IF($A7="","",IF(集計!C$52<設定!$B$10,予測!$M11,予測!$N11)*INDEX(集計!C$64:C$71,MATCH($B7,集計!$A$64:$A$71,0))) | G7: =IF($A7="","",IF(集計!D$52<設定!$B$10,予測!$M11,予測!$N11)*INDEX(集計!D$64:D$71,MATCH($B7,集計!$A$64:$A$71,0))) | H7: =IF($A7="","",IF(集計!E$52<設定!$B$10,予測!$M11,予測!$N11)*INDEX(集計!E$64:E$71,MATCH($B7,集計!$A$64:$A$71,0))) | I7: =IF($A7="","",IF(集計!F$52<設定!$B$10,予測!$M11,予測!$N11)*INDEX(集計!F$64:F$71,MATCH($B7,集計!$A$64:$A$71,0))) | J7: =IF($A7="","",IF(集計!G$52<設定!$B$10,予測!$M11,予測!$N11)*INDEX(集計!G$64:G$71,MATCH($B7,集計!$A$64:$A$71,0))) | K7: =IF($A7="","",IF(集計!H$52<設定!$B$10,予測!$M11,予測!$N11)*INDEX(集計!H$64:H$71,MATCH($B7,集計!$A$64:$A$71,0))) | L7: =IF($A7="","",IF(集計!I$52<設定!$B$10,予測!$M11,予測!$N11)*INDEX(集計!I$64:I$71,MATCH($B7,集計!$A$64:$A$71,0))) | ... Q7: =IF($A7="","",IF(集計!N$52<設定!$B$10,予測!$M11,予測!$N11)*INDEX(集計!N$64:N$71,MATCH($B7,集計!$A$64:$A$71,0)))
A8: =予測!A12 | B8: =予測!C12 | C8: =予測!E12 | D8: =予測!O12 | E8: =IF($A8="","",IF(集計!B$52<設定!$B$10,予測!$M12,予測!$N12)*INDEX(集計!B$64:B$71,MATCH($B8,集計!$A$64:$A$71,0))) | F8: =IF($A8="","",IF(集計!C$52<設定!$B$10,予測!$M12,予測!$N12)*INDEX(集計!C$64:C$71,MATCH($B8,集計!$A$64:$A$71,0))) | G8: =IF($A8="","",IF(集計!D$52<設定!$B$10,予測!$M12,予測!$N12)*INDEX(集計!D$64:D$71,MATCH($B8,集計!$A$64:$A$71,0))) | H8: =IF($A8="","",IF(集計!E$52<設定!$B$10,予測!$M12,予測!$N12)*INDEX(集計!E$64:E$71,MATCH($B8,集計!$A$64:$A$71,0))) | I8: =IF($A8="","",IF(集計!F$52<設定!$B$10,予測!$M12,予測!$N12)*INDEX(集計!F$64:F$71,MATCH($B8,集計!$A$64:$A$71,0))) | J8: =IF($A8="","",IF(集計!G$52<設定!$B$10,予測!$M12,予測!$N12)*INDEX(集計!G$64:G$71,MATCH($B8,集計!$A$64:$A$71,0))) | K8: =IF($A8="","",IF(集計!H$52<設定!$B$10,予測!$M12,予測!$N12)*INDEX(集計!H$64:H$71,MATCH($B8,集計!$A$64:$A$71,0))) | L8: =IF($A8="","",IF(集計!I$52<設定!$B$10,予測!$M12,予測!$N12)*INDEX(集計!I$64:I$71,MATCH($B8,集計!$A$64:$A$71,0))) | ... Q8: =IF($A8="","",IF(集計!N$52<設定!$B$10,予測!$M12,予測!$N12)*INDEX(集計!N$64:N$71,MATCH($B8,集計!$A$64:$A$71,0)))
A9: =予測!A13 | B9: =予測!C13 | C9: =予測!E13 | D9: =予測!O13 | E9: =IF($A9="","",IF(集計!B$52<設定!$B$10,予測!$M13,予測!$N13)*INDEX(集計!B$64:B$71,MATCH($B9,集計!$A$64:$A$71,0))) | F9: =IF($A9="","",IF(集計!C$52<設定!$B$10,予測!$M13,予測!$N13)*INDEX(集計!C$64:C$71,MATCH($B9,集計!$A$64:$A$71,0))) | G9: =IF($A9="","",IF(集計!D$52<設定!$B$10,予測!$M13,予測!$N13)*INDEX(集計!D$64:D$71,MATCH($B9,集計!$A$64:$A$71,0))) | H9: =IF($A9="","",IF(集計!E$52<設定!$B$10,予測!$M13,予測!$N13)*INDEX(集計!E$64:E$71,MATCH($B9,集計!$A$64:$A$71,0))) | I9: =IF($A9="","",IF(集計!F$52<設定!$B$10,予測!$M13,予測!$N13)*INDEX(集計!F$64:F$71,MATCH($B9,集計!$A$64:$A$71,0))) | J9: =IF($A9="","",IF(集計!G$52<設定!$B$10,予測!$M13,予測!$N13)*INDEX(集計!G$64:G$71,MATCH($B9,集計!$A$64:$A$71,0))) | K9: =IF($A9="","",IF(集計!H$52<設定!$B$10,予測!$M13,予測!$N13)*INDEX(集計!H$64:H$71,MATCH($B9,集計!$A$64:$A$71,0))) | L9: =IF($A9="","",IF(集計!I$52<設定!$B$10,予測!$M13,予測!$N13)*INDEX(集計!I$64:I$71,MATCH($B9,集計!$A$64:$A$71,0))) | ... Q9: =IF($A9="","",IF(集計!N$52<設定!$B$10,予測!$M13,予測!$N13)*INDEX(集計!N$64:N$71,MATCH($B9,集計!$A$64:$A$71,0)))
A10: =予測!A14 | B10: =予測!C14 | C10: =予測!E14 | D10: =予測!O14 | E10: =IF($A10="","",IF(集計!B$52<設定!$B$10,予測!$M14,予測!$N14)*INDEX(集計!B$64:B$71,MATCH($B10,集計!$A$64:$A$71,0))) | F10: =IF($A10="","",IF(集計!C$52<設定!$B$10,予測!$M14,予測!$N14)*INDEX(集計!C$64:C$71,MATCH($B10,集計!$A$64:$A$71,0))) | G10: =IF($A10="","",IF(集計!D$52<設定!$B$10,予測!$M14,予測!$N14)*INDEX(集計!D$64:D$71,MATCH($B10,集計!$A$64:$A$71,0))) | H10: =IF($A10="","",IF(集計!E$52<設定!$B$10,予測!$M14,予測!$N14)*INDEX(集計!E$64:E$71,MATCH($B10,集計!$A$64:$A$71,0))) | I10: =IF($A10="","",IF(集計!F$52<設定!$B$10,予測!$M14,予測!$N14)*INDEX(集計!F$64:F$71,MATCH($B10,集計!$A$64:$A$71,0))) | J10: =IF($A10="","",IF(集計!G$52<設定!$B$10,予測!$M14,予測!$N14)*INDEX(集計!G$64:G$71,MATCH($B10,集計!$A$64:$A$71,0))) | K10: =IF($A10="","",IF(集計!H$52<設定!$B$10,予測!$M14,予測!$N14)*INDEX(集計!H$64:H$71,MATCH($B10,集計!$A$64:$A$71,0))) | L10: =IF($A10="","",IF(集計!I$52<設定!$B$10,予測!$M14,予測!$N14)*INDEX(集計!I$64:I$71,MATCH($B10,集計!$A$64:$A$71,0))) | ... Q10: =IF($A10="","",IF(集計!N$52<設定!$B$10,予測!$M14,予測!$N14)*INDEX(集計!N$64:N$71,MATCH($B10,集計!$A$64:$A$71,0)))
A11: =予測!A15 | B11: =予測!C15 | C11: =予測!E15 | D11: =予測!O15 | E11: =IF($A11="","",IF(集計!B$52<設定!$B$10,予測!$M15,予測!$N15)*INDEX(集計!B$64:B$71,MATCH($B11,集計!$A$64:$A$71,0))) | F11: =IF($A11="","",IF(集計!C$52<設定!$B$10,予測!$M15,予測!$N15)*INDEX(集計!C$64:C$71,MATCH($B11,集計!$A$64:$A$71,0))) | G11: =IF($A11="","",IF(集計!D$52<設定!$B$10,予測!$M15,予測!$N15)*INDEX(集計!D$64:D$71,MATCH($B11,集計!$A$64:$A$71,0))) | H11: =IF($A11="","",IF(集計!E$52<設定!$B$10,予測!$M15,予測!$N15)*INDEX(集計!E$64:E$71,MATCH($B11,集計!$A$64:$A$71,0))) | I11: =IF($A11="","",IF(集計!F$52<設定!$B$10,予測!$M15,予測!$N15)*INDEX(集計!F$64:F$71,MATCH($B11,集計!$A$64:$A$71,0))) | J11: =IF($A11="","",IF(集計!G$52<設定!$B$10,予測!$M15,予測!$N15)*INDEX(集計!G$64:G$71,MATCH($B11,集計!$A$64:$A$71,0))) | K11: =IF($A11="","",IF(集計!H$52<設定!$B$10,予測!$M15,予測!$N15)*INDEX(集計!H$64:H$71,MATCH($B11,集計!$A$64:$A$71,0))) | L11: =IF($A11="","",IF(集計!I$52<設定!$B$10,予測!$M15,予測!$N15)*INDEX(集計!I$64:I$71,MATCH($B11,集計!$A$64:$A$71,0))) | ... Q11: =IF($A11="","",IF(集計!N$52<設定!$B$10,予測!$M15,予測!$N15)*INDEX(集計!N$64:N$71,MATCH($B11,集計!$A$64:$A$71,0)))
A12: =予測!A16 | B12: =予測!C16 | C12: =予測!E16 | D12: =予測!O16 | E12: =IF($A12="","",IF(集計!B$52<設定!$B$10,予測!$M16,予測!$N16)*INDEX(集計!B$64:B$71,MATCH($B12,集計!$A$64:$A$71,0))) | F12: =IF($A12="","",IF(集計!C$52<設定!$B$10,予測!$M16,予測!$N16)*INDEX(集計!C$64:C$71,MATCH($B12,集計!$A$64:$A$71,0))) | G12: =IF($A12="","",IF(集計!D$52<設定!$B$10,予測!$M16,予測!$N16)*INDEX(集計!D$64:D$71,MATCH($B12,集計!$A$64:$A$71,0))) | H12: =IF($A12="","",IF(集計!E$52<設定!$B$10,予測!$M16,予測!$N16)*INDEX(集計!E$64:E$71,MATCH($B12,集計!$A$64:$A$71,0))) | I12: =IF($A12="","",IF(集計!F$52<設定!$B$10,予測!$M16,予測!$N16)*INDEX(集計!F$64:F$71,MATCH($B12,集計!$A$64:$A$71,0))) | J12: =IF($A12="","",IF(集計!G$52<設定!$B$10,予測!$M16,予測!$N16)*INDEX(集計!G$64:G$71,MATCH($B12,集計!$A$64:$A$71,0))) | K12: =IF($A12="","",IF(集計!H$52<設定!$B$10,予測!$M16,予測!$N16)*INDEX(集計!H$64:H$71,MATCH($B12,集計!$A$64:$A$71,0))) | L12: =IF($A12="","",IF(集計!I$52<設定!$B$10,予測!$M16,予測!$N16)*INDEX(集計!I$64:I$71,MATCH($B12,集計!$A$64:$A$71,0))) | ... Q12: =IF($A12="","",IF(集計!N$52<設定!$B$10,予測!$M16,予測!$N16)*INDEX(集計!N$64:N$71,MATCH($B12,集計!$A$64:$A$71,0)))
A13: =予測!A17 | B13: =予測!C17 | C13: =予測!E17 | D13: =予測!O17 | E13: =IF($A13="","",IF(集計!B$52<設定!$B$10,予測!$M17,予測!$N17)*INDEX(集計!B$64:B$71,MATCH($B13,集計!$A$64:$A$71,0))) | F13: =IF($A13="","",IF(集計!C$52<設定!$B$10,予測!$M17,予測!$N17)*INDEX(集計!C$64:C$71,MATCH($B13,集計!$A$64:$A$71,0))) | G13: =IF($A13="","",IF(集計!D$52<設定!$B$10,予測!$M17,予測!$N17)*INDEX(集計!D$64:D$71,MATCH($B13,集計!$A$64:$A$71,0))) | H13: =IF($A13="","",IF(集計!E$52<設定!$B$10,予測!$M17,予測!$N17)*INDEX(集計!E$64:E$71,MATCH($B13,集計!$A$64:$A$71,0))) | I13: =IF($A13="","",IF(集計!F$52<設定!$B$10,予測!$M17,予測!$N17)*INDEX(集計!F$64:F$71,MATCH($B13,集計!$A$64:$A$71,0))) | J13: =IF($A13="","",IF(集計!G$52<設定!$B$10,予測!$M17,予測!$N17)*INDEX(集計!G$64:G$71,MATCH($B13,集計!$A$64:$A$71,0))) | K13: =IF($A13="","",IF(集計!H$52<設定!$B$10,予測!$M17,予測!$N17)*INDEX(集計!H$64:H$71,MATCH($B13,集計!$A$64:$A$71,0))) | L13: =IF($A13="","",IF(集計!I$52<設定!$B$10,予測!$M17,予測!$N17)*INDEX(集計!I$64:I$71,MATCH($B13,集計!$A$64:$A$71,0))) | ... Q13: =IF($A13="","",IF(集計!N$52<設定!$B$10,予測!$M17,予測!$N17)*INDEX(集計!N$64:N$71,MATCH($B13,集計!$A$64:$A$71,0)))
A14: =予測!A18 | B14: =予測!C18 | C14: =予測!E18 | D14: =予測!O18 | E14: =IF($A14="","",IF(集計!B$52<設定!$B$10,予測!$M18,予測!$N18)*INDEX(集計!B$64:B$71,MATCH($B14,集計!$A$64:$A$71,0))) | F14: =IF($A14="","",IF(集計!C$52<設定!$B$10,予測!$M18,予測!$N18)*INDEX(集計!C$64:C$71,MATCH($B14,集計!$A$64:$A$71,0))) | G14: =IF($A14="","",IF(集計!D$52<設定!$B$10,予測!$M18,予測!$N18)*INDEX(集計!D$64:D$71,MATCH($B14,集計!$A$64:$A$71,0))) | H14: =IF($A14="","",IF(集計!E$52<設定!$B$10,予測!$M18,予測!$N18)*INDEX(集計!E$64:E$71,MATCH($B14,集計!$A$64:$A$71,0))) | I14: =IF($A14="","",IF(集計!F$52<設定!$B$10,予測!$M18,予測!$N18)*INDEX(集計!F$64:F$71,MATCH($B14,集計!$A$64:$A$71,0))) | J14: =IF($A14="","",IF(集計!G$52<設定!$B$10,予測!$M18,予測!$N18)*INDEX(集計!G$64:G$71,MATCH($B14,集計!$A$64:$A$71,0))) | K14: =IF($A14="","",IF(集計!H$52<設定!$B$10,予測!$M18,予測!$N18)*INDEX(集計!H$64:H$71,MATCH($B14,集計!$A$64:$A$71,0))) | L14: =IF($A14="","",IF(集計!I$52<設定!$B$10,予測!$M18,予測!$N18)*INDEX(集計!I$64:I$71,MATCH($B14,集計!$A$64:$A$71,0))) | ... Q14: =IF($A14="","",IF(集計!N$52<設定!$B$10,予測!$M18,予測!$N18)*INDEX(集計!N$64:N$71,MATCH($B14,集計!$A$64:$A$71,0)))
A15: =予測!A19 | B15: =予測!C19 | C15: =予測!E19 | D15: =予測!O19 | E15: =IF($A15="","",IF(集計!B$52<設定!$B$10,予測!$M19,予測!$N19)*INDEX(集計!B$64:B$71,MATCH($B15,集計!$A$64:$A$71,0))) | F15: =IF($A15="","",IF(集計!C$52<設定!$B$10,予測!$M19,予測!$N19)*INDEX(集計!C$64:C$71,MATCH($B15,集計!$A$64:$A$71,0))) | G15: =IF($A15="","",IF(集計!D$52<設定!$B$10,予測!$M19,予測!$N19)*INDEX(集計!D$64:D$71,MATCH($B15,集計!$A$64:$A$71,0))) | H15: =IF($A15="","",IF(集計!E$52<設定!$B$10,予測!$M19,予測!$N19)*INDEX(集計!E$64:E$71,MATCH($B15,集計!$A$64:$A$71,0))) | I15: =IF($A15="","",IF(集計!F$52<設定!$B$10,予測!$M19,予測!$N19)*INDEX(集計!F$64:F$71,MATCH($B15,集計!$A$64:$A$71,0))) | J15: =IF($A15="","",IF(集計!G$52<設定!$B$10,予測!$M19,予測!$N19)*INDEX(集計!G$64:G$71,MATCH($B15,集計!$A$64:$A$71,0))) | K15: =IF($A15="","",IF(集計!H$52<設定!$B$10,予測!$M19,予測!$N19)*INDEX(集計!H$64:H$71,MATCH($B15,集計!$A$64:$A$71,0))) | L15: =IF($A15="","",IF(集計!I$52<設定!$B$10,予測!$M19,予測!$N19)*INDEX(集計!I$64:I$71,MATCH($B15,集計!$A$64:$A$71,0))) | ... Q15: =IF($A15="","",IF(集計!N$52<設定!$B$10,予測!$M19,予測!$N19)*INDEX(集計!N$64:N$71,MATCH($B15,集計!$A$64:$A$71,0)))
A16: =予測!A20 | B16: =予測!C20 | C16: =予測!E20 | D16: =予測!O20 | E16: =IF($A16="","",IF(集計!B$52<設定!$B$10,予測!$M20,予測!$N20)*INDEX(集計!B$64:B$71,MATCH($B16,集計!$A$64:$A$71,0))) | F16: =IF($A16="","",IF(集計!C$52<設定!$B$10,予測!$M20,予測!$N20)*INDEX(集計!C$64:C$71,MATCH($B16,集計!$A$64:$A$71,0))) | G16: =IF($A16="","",IF(集計!D$52<設定!$B$10,予測!$M20,予測!$N20)*INDEX(集計!D$64:D$71,MATCH($B16,集計!$A$64:$A$71,0))) | H16: =IF($A16="","",IF(集計!E$52<設定!$B$10,予測!$M20,予測!$N20)*INDEX(集計!E$64:E$71,MATCH($B16,集計!$A$64:$A$71,0))) | I16: =IF($A16="","",IF(集計!F$52<設定!$B$10,予測!$M20,予測!$N20)*INDEX(集計!F$64:F$71,MATCH($B16,集計!$A$64:$A$71,0))) | J16: =IF($A16="","",IF(集計!G$52<設定!$B$10,予測!$M20,予測!$N20)*INDEX(集計!G$64:G$71,MATCH($B16,集計!$A$64:$A$71,0))) | K16: =IF($A16="","",IF(集計!H$52<設定!$B$10,予測!$M20,予測!$N20)*INDEX(集計!H$64:H$71,MATCH($B16,集計!$A$64:$A$71,0))) | L16: =IF($A16="","",IF(集計!I$52<設定!$B$10,予測!$M20,予測!$N20)*INDEX(集計!I$64:I$71,MATCH($B16,集計!$A$64:$A$71,0))) | ... Q16: =IF($A16="","",IF(集計!N$52<設定!$B$10,予測!$M20,予測!$N20)*INDEX(集計!N$64:N$71,MATCH($B16,集計!$A$64:$A$71,0)))
... A35: =予測!A39 | B35: =予測!C39 | C35: =予測!E39 | D35: =予測!O39 | E35: =IF($A35="","",IF(集計!B$52<設定!$B$10,予測!$M39,予測!$N39)*INDEX(集計!B$64:B$71,MATCH($B35,集計!$A$64:$A$71,0))) | F35: =IF($A35="","",IF(集計!C$52<設定!$B$10,予測!$M39,予測!$N39)*INDEX(集計!C$64:C$71,MATCH($B35,集計!$A$64:$A$71,0))) | G35: =IF($A35="","",IF(集計!D$52<設定!$B$10,予測!$M39,予測!$N39)*INDEX(集計!D$64:D$71,MATCH($B35,集計!$A$64:$A$71,0))) | H35: =IF($A35="","",IF(集計!E$52<設定!$B$10,予測!$M39,予測!$N39)*INDEX(集計!E$64:E$71,MATCH($B35,集計!$A$64:$A$71,0))) | I35: =IF($A35="","",IF(集計!F$52<設定!$B$10,予測!$M39,予測!$N39)*INDEX(集計!F$64:F$71,MATCH($B35,集計!$A$64:$A$71,0))) | J35: =IF($A35="","",IF(集計!G$52<設定!$B$10,予測!$M39,予測!$N39)*INDEX(集計!G$64:G$71,MATCH($B35,集計!$A$64:$A$71,0))) | K35: =IF($A35="","",IF(集計!H$52<設定!$B$10,予測!$M39,予測!$N39)*INDEX(集計!H$64:H$71,MATCH($B35,集計!$A$64:$A$71,0))) | L35: =IF($A35="","",IF(集計!I$52<設定!$B$10,予測!$M39,予測!$N39)*INDEX(集計!I$64:I$71,MATCH($B35,集計!$A$64:$A$71,0))) | ... Q35: =IF($A35="","",IF(集計!N$52<設定!$B$10,予測!$M39,予測!$N39)*INDEX(集計!N$64:N$71,MATCH($B35,集計!$A$64:$A$71,0)))

Sheet 売上予測貼付用
A1: =IF(設定!$B$7="","売上予測 貼り付け用",TEXT(設定!$B$7,"yyyy年m月")&" 売上予測 貼り付け用") -> 売上予測 貼り付け用
A2: 日 | B2: 前年 | D2: 日 | E2: 曜 | F2: 客単価 | J2: 時間帯別客数 | N2: 時間帯別売上 | R2: 客数 | S2: 売上 | T2: 客単価 | V2: 【使い方】
B3: 客数 | C3: 売上 | F3: ランチ | G3: アイドル | H3: ディナー | I3: ナイト | J3: ランチ | K3: アイドル | L3: ディナー | M3: ナイト | N3: ランチ | O3: アイドル | P3: ディナー | Q3: ナイト | V3: ① このシートの F4:M34（客単価4列＋客数4列）をコピー
A4: =IF(予測!$A$9="","",IF(COUNTIF(前年当月データ!$A:$A,予測!$A$9-364)>0,DAY(予測!$A$9-364),"")) | B4: =IF(A4="","",SUMIFS(前年当月データ!$Q:$Q,前年当月データ!$A:$A,予測!$A$9-364)) | C4: =IF(A4="","",SUMIFS(前年当月データ!$L:$L,前年当月データ!$A:$A,予測!$A$9-364)) | D4: =IF(予測!$A$9="","",DAY(予測!$A$9)) | E4: =IF(予測!$A$9="","",CHOOSE(WEEKDAY(予測!$A$9,2),"月","火","水","木","金","土","日")) | F4: =IF(OR(予測!$A$9="",J4=0),0,ROUND(INDEX(集計!$D$77:$D$84,MATCH(予測!$C$9,集計!$A$77:$A$84,0))*設定!$B$26*設定!$B$24,-1)) -> 0 | G4: =IF(OR(予測!$A$9="",K4=0),0,ROUND(INDEX(集計!$G$77:$G$84,MATCH(予測!$C$9,集計!$A$77:$A$84,0))*設定!$B$26*設定!$B$24,-1)) -> 0 | H4: =IF(OR(予測!$A$9="",L4=0),0,ROUND(INDEX(集計!$J$77:$J$84,MATCH(予測!$C$9,集計!$A$77:$A$84,0))*設定!$B$26*設定!$B$24,-1)) -> 0 | I4: =IF(OR(予測!$A$9="",M4=0),0,ROUND(INDEX(集計!$M$77:$M$84,MATCH(予測!$C$9,集計!$A$77:$A$84,0))*設定!$B$26*設定!$B$24,-1)) -> 0 | J4: =IF(予測!$A$9="",0,ROUND(SUMIF(時間帯別予測!$E$3:$Q$3,"ランチ",時間帯別予測!$E$5:$Q$5),0)) -> 0 | K4: =IF(予測!$A$9="",0,ROUND(SUMIF(時間帯別予測!$E$3:$Q$3,"アイドル",時間帯別予測!$E$5:$Q$5),0)) -> 0 | L4: =IF(予測!$A$9="",0,MAX(0,予測!$O$9-J4-K4-M4)) -> 0 | M4: =IF(予測!$A$9="",0,ROUND(SUMIF(時間帯別予測!$E$3:$Q$3,"ナイト",時間帯別予測!$E$5:$Q$5),0)) -> 0 | N4: =F4*J4 -> 0 | O4: =G4*K4 -> 0 | P4: =H4*L4 -> 0 | Q4: =I4*M4 -> 0 | R4: =SUM(J4:M4) -> 0 | S4: =SUM(N4:Q4) -> 0 | T4: =IFERROR(S4/R4,"") | V4: ② 【事前】売上予測 タブの F4 を選択 → 右クリック →「値の貼り付け」
A5: =IF(予測!$A$10="","",IF(COUNTIF(前年当月データ!$A:$A,予測!$A$10-364)>0,DAY(予測!$A$10-364),"")) | B5: =IF(A5="","",SUMIFS(前年当月データ!$Q:$Q,前年当月データ!$A:$A,予測!$A$10-364)) | C5: =IF(A5="","",SUMIFS(前年当月データ!$L:$L,前年当月データ!$A:$A,予測!$A$10-364)) | D5: =IF(予測!$A$10="","",DAY(予測!$A$10)) | E5: =IF(予測!$A$10="","",CHOOSE(WEEKDAY(予測!$A$10,2),"月","火","水","木","金","土","日")) | F5: =IF(OR(予測!$A$10="",J5=0),0,ROUND(INDEX(集計!$D$77:$D$84,MATCH(予測!$C$10,集計!$A$77:$A$84,0))*設定!$B$26*設定!$B$24,-1)) -> 0 | G5: =IF(OR(予測!$A$10="",K5=0),0,ROUND(INDEX(集計!$G$77:$G$84,MATCH(予測!$C$10,集計!$A$77:$A$84,0))*設定!$B$26*設定!$B$24,-1)) -> 0 | H5: =IF(OR(予測!$A$10="",L5=0),0,ROUND(INDEX(集計!$J$77:$J$84,MATCH(予測!$C$10,集計!$A$77:$A$84,0))*設定!$B$26*設定!$B$24,-1)) -> 0 | I5: =IF(OR(予測!$A$10="",M5=0),0,ROUND(INDEX(集計!$M$77:$M$84,MATCH(予測!$C$10,集計!$A$77:$A$84,0))*設定!$B$26*設定!$B$24,-1)) -> 0 | J5: =IF(予測!$A$10="",0,ROUND(SUMIF(時間帯別予測!$E$3:$Q$3,"ランチ",時間帯別予測!$E$6:$Q$6),0)) -> 0 | K5: =IF(予測!$A$10="",0,ROUND(SUMIF(時間帯別予測!$E$3:$Q$3,"アイドル",時間帯別予測!$E$6:$Q$6),0)) -> 0 | L5: =IF(予測!$A$10="",0,MAX(0,予測!$O$10-J5-K5-M5)) -> 0 | M5: =IF(予測!$A$10="",0,ROUND(SUMIF(時間帯別予測!$E$3:$Q$3,"ナイト",時間帯別予測!$E$6:$Q$6),0)) -> 0 | N5: =F5*J5 -> 0 | O5: =G5*K5 -> 0 | P5: =H5*L5 -> 0 | Q5: =I5*M5 -> 0 | R5: =SUM(J5:M5) -> 0 | S5: =SUM(N5:Q5) -> 0 | T5: =IFERROR(S5/R5,"") | V5: ③ 前年欄も使う場合は A4:C34 を同様に A4 へ（前年当月データ貼付時のみ）
A6: =IF(予測!$A$11="","",IF(COUNTIF(前年当月データ!$A:$A,予測!$A$11-364)>0,DAY(予測!$A$11-364),"")) | B6: =IF(A6="","",SUMIFS(前年当月データ!$Q:$Q,前年当月データ!$A:$A,予測!$A$11-364)) | C6: =IF(A6="","",SUMIFS(前年当月データ!$L:$L,前年当月データ!$A:$A,予測!$A$11-364)) | D6: =IF(予測!$A$11="","",DAY(予測!$A$11)) | E6: =IF(予測!$A$11="","",CHOOSE(WEEKDAY(予測!$A$11,2),"月","火","水","木","金","土","日")) | F6: =IF(OR(予測!$A$11="",J6=0),0,ROUND(INDEX(集計!$D$77:$D$84,MATCH(予測!$C$11,集計!$A$77:$A$84,0))*設定!$B$26*設定!$B$24,-1)) -> 0 | G6: =IF(OR(予測!$A$11="",K6=0),0,ROUND(INDEX(集計!$G$77:$G$84,MATCH(予測!$C$11,集計!$A$77:$A$84,0))*設定!$B$26*設定!$B$24,-1)) -> 0 | H6: =IF(OR(予測!$A$11="",L6=0),0,ROUND(INDEX(集計!$J$77:$J$84,MATCH(予測!$C$11,集計!$A$77:$A$84,0))*設定!$B$26*設定!$B$24,-1)) -> 0 | I6: =IF(OR(予測!$A$11="",M6=0),0,ROUND(INDEX(集計!$M$77:$M$84,MATCH(予測!$C$11,集計!$A$77:$A$84,0))*設定!$B$26*設定!$B$24,-1)) -> 0 | J6: =IF(予測!$A$11="",0,ROUND(SUMIF(時間帯別予測!$E$3:$Q$3,"ランチ",時間帯別予測!$E$7:$Q$7),0)) -> 0 | K6: =IF(予測!$A$11="",0,ROUND(SUMIF(時間帯別予測!$E$3:$Q$3,"アイドル",時間帯別予測!$E$7:$Q$7),0)) -> 0 | L6: =IF(予測!$A$11="",0,MAX(0,予測!$O$11-J6-K6-M6)) -> 0 | M6: =IF(予測!$A$11="",0,ROUND(SUMIF(時間帯別予測!$E$3:$Q$3,"ナイト",時間帯別予測!$E$7:$Q$7),0)) -> 0 | N6: =F6*J6 -> 0 | O6: =G6*K6 -> 0 | P6: =H6*L6 -> 0 | Q6: =I6*M6 -> 0 | R6: =SUM(J6:M6) -> 0 | S6: =SUM(N6:Q6) -> 0 | T6: =IFERROR(S6/R6,"")
A7: =IF(予測!$A$12="","",IF(COUNTIF(前年当月データ!$A:$A,予測!$A$12-364)>0,DAY(予測!$A$12-364),"")) | B7: =IF(A7="","",SUMIFS(前年当月データ!$Q:$Q,前年当月データ!$A:$A,予測!$A$12-364)) | C7: =IF(A7="","",SUMIFS(前年当月データ!$L:$L,前年当月データ!$A:$A,予測!$A$12-364)) | D7: =IF(予測!$A$12="","",DAY(予測!$A$12)) | E7: =IF(予測!$A$12="","",CHOOSE(WEEKDAY(予測!$A$12,2),"月","火","水","木","金","土","日")) | F7: =IF(OR(予測!$A$12="",J7=0),0,ROUND(INDEX(集計!$D$77:$D$84,MATCH(予測!$C$12,集計!$A$77:$A$84,0))*設定!$B$26*設定!$B$24,-1)) -> 0 | G7: =IF(OR(予測!$A$12="",K7=0),0,ROUND(INDEX(集計!$G$77:$G$84,MATCH(予測!$C$12,集計!$A$77:$A$84,0))*設定!$B$26*設定!$B$24,-1)) -> 0 | H7: =IF(OR(予測!$A$12="",L7=0),0,ROUND(INDEX(集計!$J$77:$J$84,MATCH(予測!$C$12,集計!$A$77:$A$84,0))*設定!$B$26*設定!$B$24,-1)) -> 0 | I7: =IF(OR(予測!$A$12="",M7=0),0,ROUND(INDEX(集計!$M$77:$M$84,MATCH(予測!$C$12,集計!$A$77:$A$84,0))*設定!$B$26*設定!$B$24,-1)) -> 0 | J7: =IF(予測!$A$12="",0,ROUND(SUMIF(時間帯別予測!$E$3:$Q$3,"ランチ",時間帯別予測!$E$8:$Q$8),0)) -> 0 | K7: =IF(予測!$A$12="",0,ROUND(SUMIF(時間帯別予測!$E$3:$Q$3,"アイドル",時間帯別予測!$E$8:$Q$8),0)) -> 0 | L7: =IF(予測!$A$12="",0,MAX(0,予測!$O$12-J7-K7-M7)) -> 0 | M7: =IF(予測!$A$12="",0,ROUND(SUMIF(時間帯別予測!$E$3:$Q$3,"ナイト",時間帯別予測!$E$8:$Q$8),0)) -> 0 | N7: =F7*J7 -> 0 | O7: =G7*K7 -> 0 | P7: =H7*L7 -> 0 | Q7: =I7*M7 -> 0 | R7: =SUM(J7:M7) -> 0 | S7: =SUM(N7:Q7) -> 0 | T7: =IFERROR(S7/R7,"") | V7: ※ 行・列の位置は【事前】売上予測と同じです（4行目＝1日）
A8: =IF(予測!$A$13="","",IF(COUNTIF(前年当月データ!$A:$A,予測!$A$13-364)>0,DAY(予測!$A$13-364),"")) | B8: =IF(A8="","",SUMIFS(前年当月データ!$Q:$Q,前年当月データ!$A:$A,予測!$A$13-364)) | C8: =IF(A8="","",SUMIFS(前年当月データ!$L:$L,前年当月データ!$A:$A,予測!$A$13-364)) | D8: =IF(予測!$A$13="","",DAY(予測!$A$13)) | E8: =IF(予測!$A$13="","",CHOOSE(WEEKDAY(予測!$A$13,2),"月","火","水","木","金","土","日")) | F8: =IF(OR(予測!$A$13="",J8=0),0,ROUND(INDEX(集計!$D$77:$D$84,MATCH(予測!$C$13,集計!$A$77:$A$84,0))*設定!$B$26*設定!$B$24,-1)) -> 0 | G8: =IF(OR(予測!$A$13="",K8=0),0,ROUND(INDEX(集計!$G$77:$G$84,MATCH(予測!$C$13,集計!$A$77:$A$84,0))*設定!$B$26*設定!$B$24,-1)) -> 0 | H8: =IF(OR(予測!$A$13="",L8=0),0,ROUND(INDEX(集計!$J$77:$J$84,MATCH(予測!$C$13,集計!$A$77:$A$84,0))*設定!$B$26*設定!$B$24,-1)) -> 0 | I8: =IF(OR(予測!$A$13="",M8=0),0,ROUND(INDEX(集計!$M$77:$M$84,MATCH(予測!$C$13,集計!$A$77:$A$84,0))*設定!$B$26*設定!$B$24,-1)) -> 0 | J8: =IF(予測!$A$13="",0,ROUND(SUMIF(時間帯別予測!$E$3:$Q$3,"ランチ",時間帯別予測!$E$9:$Q$9),0)) -> 0 | K8: =IF(予測!$A$13="",0,ROUND(SUMIF(時間帯別予測!$E$3:$Q$3,"アイドル",時間帯別予測!$E$9:$Q$9),0)) -> 0 | L8: =IF(予測!$A$13="",0,MAX(0,予測!$O$13-J8-K8-M8)) -> 0 | M8: =IF(予測!$A$13="",0,ROUND(SUMIF(時間帯別予測!$E$3:$Q$3,"ナイト",時間帯別予測!$E$9:$Q$9),0)) -> 0 | N8: =F8*J8 -> 0 | O8: =G8*K8 -> 0 | P8: =H8*L8 -> 0 | Q8: =I8*M8 -> 0 | R8: =SUM(J8:M8) -> 0 | S8: =SUM(N8:Q8) -> 0 | T8: =IFERROR(S8/R8,"") | V8: ※ 客単価は10円単位に丸め。客数は時間帯ごとに四捨五入し、端数差はディナーで調整（合計＝予測客数）
A9: =IF(予測!$A$14="","",IF(COUNTIF(前年当月データ!$A:$A,予測!$A$14-364)>0,DAY(予測!$A$14-364),"")) | B9: =IF(A9="","",SUMIFS(前年当月データ!$Q:$Q,前年当月データ!$A:$A,予測!$A$14-364)) | C9: =IF(A9="","",SUMIFS(前年当月データ!$L:$L,前年当月データ!$A:$A,予測!$A$14-364)) | D9: =IF(予測!$A$14="","",DAY(予測!$A$14)) | E9: =IF(予測!$A$14="","",CHOOSE(WEEKDAY(予測!$A$14,2),"月","火","水","木","金","土","日")) | F9: =IF(OR(予測!$A$14="",J9=0),0,ROUND(INDEX(集計!$D$77:$D$84,MATCH(予測!$C$14,集計!$A$77:$A$84,0))*設定!$B$26*設定!$B$24,-1)) -> 0 | G9: =IF(OR(予測!$A$14="",K9=0),0,ROUND(INDEX(集計!$G$77:$G$84,MATCH(予測!$C$14,集計!$A$77:$A$84,0))*設定!$B$26*設定!$B$24,-1)) -> 0 | H9: =IF(OR(予測!$A$14="",L9=0),0,ROUND(INDEX(集計!$J$77:$J$84,MATCH(予測!$C$14,集計!$A$77:$A$84,0))*設定!$B$26*設定!$B$24,-1)) -> 0 | I9: =IF(OR(予測!$A$14="",M9=0),0,ROUND(INDEX(集計!$M$77:$M$84,MATCH(予測!$C$14,集計!$A$77:$A$84,0))*設定!$B$26*設定!$B$24,-1)) -> 0 | J9: =IF(予測!$A$14="",0,ROUND(SUMIF(時間帯別予測!$E$3:$Q$3,"ランチ",時間帯別予測!$E$10:$Q$10),0)) -> 0 | K9: =IF(予測!$A$14="",0,ROUND(SUMIF(時間帯別予測!$E$3:$Q$3,"アイドル",時間帯別予測!$E$10:$Q$10),0)) -> 0 | L9: =IF(予測!$A$14="",0,MAX(0,予測!$O$14-J9-K9-M9)) -> 0 | M9: =IF(予測!$A$14="",0,ROUND(SUMIF(時間帯別予測!$E$3:$Q$3,"ナイト",時間帯別予測!$E$10:$Q$10),0)) -> 0 | N9: =F9*J9 -> 0 | O9: =G9*K9 -> 0 | P9: =H9*L9 -> 0 | Q9: =I9*M9 -> 0 | R9: =SUM(J9:M9) -> 0 | S9: =SUM(N9:Q9) -> 0 | T9: =IFERROR(S9/R9,"") | V9: ※ 時刻→時間帯の対応は「設定」シートの表で変更できます
A10: =IF(予測!$A$15="","",IF(COUNTIF(前年当月データ!$A:$A,予測!$A$15-364)>0,DAY(予測!$A$15-364),"")) | B10: =IF(A10="","",SUMIFS(前年当月データ!$Q:$Q,前年当月データ!$A:$A,予測!$A$15-364)) | C10: =IF(A10="","",SUMIFS(前年当月データ!$L:$L,前年当月データ!$A:$A,予測!$A$15-364)) | D10: =IF(予測!$A$15="","",DAY(予測!$A$15)) | E10: =IF(予測!$A$15="","",CHOOSE(WEEKDAY(予測!$A$15,2),"月","火","水","木","金","土","日")) | F10: =IF(OR(予測!$A$15="",J10=0),0,ROUND(INDEX(集計!$D$77:$D$84,MATCH(予測!$C$15,集計!$A$77:$A$84,0))*設定!$B$26*設定!$B$24,-1)) -> 0 | G10: =IF(OR(予測!$A$15="",K10=0),0,ROUND(INDEX(集計!$G$77:$G$84,MATCH(予測!$C$15,集計!$A$77:$A$84,0))*設定!$B$26*設定!$B$24,-1)) -> 0 | H10: =IF(OR(予測!$A$15="",L10=0),0,ROUND(INDEX(集計!$J$77:$J$84,MATCH(予測!$C$15,集計!$A$77:$A$84,0))*設定!$B$26*設定!$B$24,-1)) -> 0 | I10: =IF(OR(予測!$A$15="",M10=0),0,ROUND(INDEX(集計!$M$77:$M$84,MATCH(予測!$C$15,集計!$A$77:$A$84,0))*設定!$B$26*設定!$B$24,-1)) -> 0 | J10: =IF(予測!$A$15="",0,ROUND(SUMIF(時間帯別予測!$E$3:$Q$3,"ランチ",時間帯別予測!$E$11:$Q$11),0)) -> 0 | K10: =IF(予測!$A$15="",0,ROUND(SUMIF(時間帯別予測!$E$3:$Q$3,"アイドル",時間帯別予測!$E$11:$Q$11),0)) -> 0 | L10: =IF(予測!$A$15="",0,MAX(0,予測!$O$15-J10-K10-M10)) -> 0 | M10: =IF(予測!$A$15="",0,ROUND(SUMIF(時間帯別予測!$E$3:$Q$3,"ナイト",時間帯別予測!$E$11:$Q$11),0)) -> 0 | N10: =F10*J10 -> 0 | O10: =G10*K10 -> 0 | P10: =H10*L10 -> 0 | Q10: =I10*M10 -> 0 | R10: =SUM(J10:M10) -> 0 | S10: =SUM(N10:Q10) -> 0 | T10: =IFERROR(S10/R10,"") | V10: ※ 客数が0の時間帯（平日ランチなど営業しない時間帯）は客単価も0にしています
A11: =IF(予測!$A$16="","",IF(COUNTIF(前年当月データ!$A:$A,予測!$A$16-364)>0,DAY(予測!$A$16-364),"")) | B11: =IF(A11="","",SUMIFS(前年当月データ!$Q:$Q,前年当月データ!$A:$A,予測!$A$16-364)) | C11: =IF(A11="","",SUMIFS(前年当月データ!$L:$L,前年当月データ!$A:$A,予測!$A$16-364)) | D11: =IF(予測!$A$16="","",DAY(予測!$A$16)) | E11: =IF(予測!$A$16="","",CHOOSE(WEEKDAY(予測!$A$16,2),"月","火","水","木","金","土","日")) | F11: =IF(OR(予測!$A$16="",J11=0),0,ROUND(INDEX(集計!$D$77:$D$84,MATCH(予測!$C$16,集計!$A$77:$A$84,0))*設定!$B$26*設定!$B$24,-1)) -> 0 | G11: =IF(OR(予測!$A$16="",K11=0),0,ROUND(INDEX(集計!$G$77:$G$84,MATCH(予測!$C$16,集計!$A$77:$A$84,0))*設定!$B$26*設定!$B$24,-1)) -> 0 | H11: =IF(OR(予測!$A$16="",L11=0),0,ROUND(INDEX(集計!$J$77:$J$84,MATCH(予測!$C$16,集計!$A$77:$A$84,0))*設定!$B$26*設定!$B$24,-1)) -> 0 | I11: =IF(OR(予測!$A$16="",M11=0),0,ROUND(INDEX(集計!$M$77:$M$84,MATCH(予測!$C$16,集計!$A$77:$A$84,0))*設定!$B$26*設定!$B$24,-1)) -> 0 | J11: =IF(予測!$A$16="",0,ROUND(SUMIF(時間帯別予測!$E$3:$Q$3,"ランチ",時間帯別予測!$E$12:$Q$12),0)) -> 0 | K11: =IF(予測!$A$16="",0,ROUND(SUMIF(時間帯別予測!$E$3:$Q$3,"アイドル",時間帯別予測!$E$12:$Q$12),0)) -> 0 | L11: =IF(予測!$A$16="",0,MAX(0,予測!$O$16-J11-K11-M11)) -> 0 | M11: =IF(予測!$A$16="",0,ROUND(SUMIF(時間帯別予測!$E$3:$Q$3,"ナイト",時間帯別予測!$E$12:$Q$12),0)) -> 0 | N11: =F11*J11 -> 0 | O11: =G11*K11 -> 0 | P11: =H11*L11 -> 0 | Q11: =I11*M11 -> 0 | R11: =SUM(J11:M11) -> 0 | S11: =SUM(N11:Q11) -> 0 | T11: =IFERROR(S11/R11,"")
A12: =IF(予測!$A$17="","",IF(COUNTIF(前年当月データ!$A:$A,予測!$A$17-364)>0,DAY(予測!$A$17-364),"")) | B12: =IF(A12="","",SUMIFS(前年当月データ!$Q:$Q,前年当月データ!$A:$A,予測!$A$17-364)) | C12: =IF(A12="","",SUMIFS(前年当月データ!$L:$L,前年当月データ!$A:$A,予測!$A$17-364)) | D12: =IF(予測!$A$17="","",DAY(予測!$A$17)) | E12: =IF(予測!$A$17="","",CHOOSE(WEEKDAY(予測!$A$17,2),"月","火","水","木","金","土","日")) | F12: =IF(OR(予測!$A$17="",J12=0),0,ROUND(INDEX(集計!$D$77:$D$84,MATCH(予測!$C$17,集計!$A$77:$A$84,0))*設定!$B$26*設定!$B$24,-1)) -> 0 | G12: =IF(OR(予測!$A$17="",K12=0),0,ROUND(INDEX(集計!$G$77:$G$84,MATCH(予測!$C$17,集計!$A$77:$A$84,0))*設定!$B$26*設定!$B$24,-1)) -> 0 | H12: =IF(OR(予測!$A$17="",L12=0),0,ROUND(INDEX(集計!$J$77:$J$84,MATCH(予測!$C$17,集計!$A$77:$A$84,0))*設定!$B$26*設定!$B$24,-1)) -> 0 | I12: =IF(OR(予測!$A$17="",M12=0),0,ROUND(INDEX(集計!$M$77:$M$84,MATCH(予測!$C$17,集計!$A$77:$A$84,0))*設定!$B$26*設定!$B$24,-1)) -> 0 | J12: =IF(予測!$A$17="",0,ROUND(SUMIF(時間帯別予測!$E$3:$Q$3,"ランチ",時間帯別予測!$E$13:$Q$13),0)) -> 0 | K12: =IF(予測!$A$17="",0,ROUND(SUMIF(時間帯別予測!$E$3:$Q$3,"アイドル",時間帯別予測!$E$13:$Q$13),0)) -> 0 | L12: =IF(予測!$A$17="",0,MAX(0,予測!$O$17-J12-K12-M12)) -> 0 | M12: =IF(予測!$A$17="",0,ROUND(SUMIF(時間帯別予測!$E$3:$Q$3,"ナイト",時間帯別予測!$E$13:$Q$13),0)) -> 0 | N12: =F12*J12 -> 0 | O12: =G12*K12 -> 0 | P12: =H12*L12 -> 0 | Q12: =I12*M12 -> 0 | R12: =SUM(J12:M12) -> 0 | S12: =SUM(N12:Q12) -> 0 | T12: =IFERROR(S12/R12,"")
A13: =IF(予測!$A$18="","",IF(COUNTIF(前年当月データ!$A:$A,予測!$A$18-364)>0,DAY(予測!$A$18-364),"")) | B13: =IF(A13="","",SUMIFS(前年当月データ!$Q:$Q,前年当月データ!$A:$A,予測!$A$18-364)) | C13: =IF(A13="","",SUMIFS(前年当月データ!$L:$L,前年当月データ!$A:$A,予測!$A$18-364)) | D13: =IF(予測!$A$18="","",DAY(予測!$A$18)) | E13: =IF(予測!$A$18="","",CHOOSE(WEEKDAY(予測!$A$18,2),"月","火","水","木","金","土","日")) | F13: =IF(OR(予測!$A$18="",J13=0),0,ROUND(INDEX(集計!$D$77:$D$84,MATCH(予測!$C$18,集計!$A$77:$A$84,0))*設定!$B$26*設定!$B$24,-1)) -> 0 | G13: =IF(OR(予測!$A$18="",K13=0),0,ROUND(INDEX(集計!$G$77:$G$84,MATCH(予測!$C$18,集計!$A$77:$A$84,0))*設定!$B$26*設定!$B$24,-1)) -> 0 | H13: =IF(OR(予測!$A$18="",L13=0),0,ROUND(INDEX(集計!$J$77:$J$84,MATCH(予測!$C$18,集計!$A$77:$A$84,0))*設定!$B$26*設定!$B$24,-1)) -> 0 | I13: =IF(OR(予測!$A$18="",M13=0),0,ROUND(INDEX(集計!$M$77:$M$84,MATCH(予測!$C$18,集計!$A$77:$A$84,0))*設定!$B$26*設定!$B$24,-1)) -> 0 | J13: =IF(予測!$A$18="",0,ROUND(SUMIF(時間帯別予測!$E$3:$Q$3,"ランチ",時間帯別予測!$E$14:$Q$14),0)) -> 0 | K13: =IF(予測!$A$18="",0,ROUND(SUMIF(時間帯別予測!$E$3:$Q$3,"アイドル",時間帯別予測!$E$14:$Q$14),0)) -> 0 | L13: =IF(予測!$A$18="",0,MAX(0,予測!$O$18-J13-K13-M13)) -> 0 | M13: =IF(予測!$A$18="",0,ROUND(SUMIF(時間帯別予測!$E$3:$Q$3,"ナイト",時間帯別予測!$E$14:$Q$14),0)) -> 0 | N13: =F13*J13 -> 0 | O13: =G13*K13 -> 0 | P13: =H13*L13 -> 0 | Q13: =I13*M13 -> 0 | R13: =SUM(J13:M13) -> 0 | S13: =SUM(N13:Q13) -> 0 | T13: =IFERROR(S13/R13,"")
A14: =IF(予測!$A$19="","",IF(COUNTIF(前年当月データ!$A:$A,予測!$A$19-364)>0,DAY(予測!$A$19-364),"")) | B14: =IF(A14="","",SUMIFS(前年当月データ!$Q:$Q,前年当月データ!$A:$A,予測!$A$19-364)) | C14: =IF(A14="","",SUMIFS(前年当月データ!$L:$L,前年当月データ!$A:$A,予測!$A$19-364)) | D14: =IF(予測!$A$19="","",DAY(予測!$A$19)) | E14: =IF(予測!$A$19="","",CHOOSE(WEEKDAY(予測!$A$19,2),"月","火","水","木","金","土","日")) | F14: =IF(OR(予測!$A$19="",J14=0),0,ROUND(INDEX(集計!$D$77:$D$84,MATCH(予測!$C$19,集計!$A$77:$A$84,0))*設定!$B$26*設定!$B$24,-1)) -> 0 | G14: =IF(OR(予測!$A$19="",K14=0),0,ROUND(INDEX(集計!$G$77:$G$84,MATCH(予測!$C$19,集計!$A$77:$A$84,0))*設定!$B$26*設定!$B$24,-1)) -> 0 | H14: =IF(OR(予測!$A$19="",L14=0),0,ROUND(INDEX(集計!$J$77:$J$84,MATCH(予測!$C$19,集計!$A$77:$A$84,0))*設定!$B$26*設定!$B$24,-1)) -> 0 | I14: =IF(OR(予測!$A$19="",M14=0),0,ROUND(INDEX(集計!$M$77:$M$84,MATCH(予測!$C$19,集計!$A$77:$A$84,0))*設定!$B$26*設定!$B$24,-1)) -> 0 | J14: =IF(予測!$A$19="",0,ROUND(SUMIF(時間帯別予測!$E$3:$Q$3,"ランチ",時間帯別予測!$E$15:$Q$15),0)) -> 0 | K14: =IF(予測!$A$19="",0,ROUND(SUMIF(時間帯別予測!$E$3:$Q$3,"アイドル",時間帯別予測!$E$15:$Q$15),0)) -> 0 | L14: =IF(予測!$A$19="",0,MAX(0,予測!$O$19-J14-K14-M14)) -> 0 | M14: =IF(予測!$A$19="",0,ROUND(SUMIF(時間帯別予測!$E$3:$Q$3,"ナイト",時間帯別予測!$E$15:$Q$15),0)) -> 0 | N14: =F14*J14 -> 0 | O14: =G14*K14 -> 0 | P14: =H14*L14 -> 0 | Q14: =I14*M14 -> 0 | R14: =SUM(J14:M14) -> 0 | S14: =SUM(N14:Q14) -> 0 | T14: =IFERROR(S14/R14,"")
A15: =IF(予測!$A$20="","",IF(COUNTIF(前年当月データ!$A:$A,予測!$A$20-364)>0,DAY(予測!$A$20-364),"")) | B15: =IF(A15="","",SUMIFS(前年当月データ!$Q:$Q,前年当月データ!$A:$A,予測!$A$20-364)) | C15: =IF(A15="","",SUMIFS(前年当月データ!$L:$L,前年当月データ!$A:$A,予測!$A$20-364)) | D15: =IF(予測!$A$20="","",DAY(予測!$A$20)) | E15: =IF(予測!$A$20="","",CHOOSE(WEEKDAY(予測!$A$20,2),"月","火","水","木","金","土","日")) | F15: =IF(OR(予測!$A$20="",J15=0),0,ROUND(INDEX(集計!$D$77:$D$84,MATCH(予測!$C$20,集計!$A$77:$A$84,0))*設定!$B$26*設定!$B$24,-1)) -> 0 | G15: =IF(OR(予測!$A$20="",K15=0),0,ROUND(INDEX(集計!$G$77:$G$84,MATCH(予測!$C$20,集計!$A$77:$A$84,0))*設定!$B$26*設定!$B$24,-1)) -> 0 | H15: =IF(OR(予測!$A$20="",L15=0),0,ROUND(INDEX(集計!$J$77:$J$84,MATCH(予測!$C$20,集計!$A$77:$A$84,0))*設定!$B$26*設定!$B$24,-1)) -> 0 | I15: =IF(OR(予測!$A$20="",M15=0),0,ROUND(INDEX(集計!$M$77:$M$84,MATCH(予測!$C$20,集計!$A$77:$A$84,0))*設定!$B$26*設定!$B$24,-1)) -> 0 | J15: =IF(予測!$A$20="",0,ROUND(SUMIF(時間帯別予測!$E$3:$Q$3,"ランチ",時間帯別予測!$E$16:$Q$16),0)) -> 0 | K15: =IF(予測!$A$20="",0,ROUND(SUMIF(時間帯別予測!$E$3:$Q$3,"アイドル",時間帯別予測!$E$16:$Q$16),0)) -> 0 | L15: =IF(予測!$A$20="",0,MAX(0,予測!$O$20-J15-K15-M15)) -> 0 | M15: =IF(予測!$A$20="",0,ROUND(SUMIF(時間帯別予測!$E$3:$Q$3,"ナイト",時間帯別予測!$E$16:$Q$16),0)) -> 0 | N15: =F15*J15 -> 0 | O15: =G15*K15 -> 0 | P15: =H15*L15 -> 0 | Q15: =I15*M15 -> 0 | R15: =SUM(J15:M15) -> 0 | S15: =SUM(N15:Q15) -> 0 | T15: =IFERROR(S15/R15,"")
A16: =IF(予測!$A$21="","",IF(COUNTIF(前年当月データ!$A:$A,予測!$A$21-364)>0,DAY(予測!$A$21-364),"")) | B16: =IF(A16="","",SUMIFS(前年当月データ!$Q:$Q,前年当月データ!$A:$A,予測!$A$21-364)) | C16: =IF(A16="","",SUMIFS(前年当月データ!$L:$L,前年当月データ!$A:$A,予測!$A$21-364)) | D16: =IF(予測!$A$21="","",DAY(予測!$A$21)) | E16: =IF(予測!$A$21="","",CHOOSE(WEEKDAY(予測!$A$21,2),"月","火","水","木","金","土","日")) | F16: =IF(OR(予測!$A$21="",J16=0),0,ROUND(INDEX(集計!$D$77:$D$84,MATCH(予測!$C$21,集計!$A$77:$A$84,0))*設定!$B$26*設定!$B$24,-1)) -> 0 | G16: =IF(OR(予測!$A$21="",K16=0),0,ROUND(INDEX(集計!$G$77:$G$84,MATCH(予測!$C$21,集計!$A$77:$A$84,0))*設定!$B$26*設定!$B$24,-1)) -> 0 | H16: =IF(OR(予測!$A$21="",L16=0),0,ROUND(INDEX(集計!$J$77:$J$84,MATCH(予測!$C$21,集計!$A$77:$A$84,0))*設定!$B$26*設定!$B$24,-1)) -> 0 | I16: =IF(OR(予測!$A$21="",M16=0),0,ROUND(INDEX(集計!$M$77:$M$84,MATCH(予測!$C$21,集計!$A$77:$A$84,0))*設定!$B$26*設定!$B$24,-1)) -> 0 | J16: =IF(予測!$A$21="",0,ROUND(SUMIF(時間帯別予測!$E$3:$Q$3,"ランチ",時間帯別予測!$E$17:$Q$17),0)) -> 0 | K16: =IF(予測!$A$21="",0,ROUND(SUMIF(時間帯別予測!$E$3:$Q$3,"アイドル",時間帯別予測!$E$17:$Q$17),0)) -> 0 | L16: =IF(予測!$A$21="",0,MAX(0,予測!$O$21-J16-K16-M16)) -> 0 | M16: =IF(予測!$A$21="",0,ROUND(SUMIF(時間帯別予測!$E$3:$Q$3,"ナイト",時間帯別予測!$E$17:$Q$17),0)) -> 0 | N16: =F16*J16 -> 0 | O16: =G16*K16 -> 0 | P16: =H16*L16 -> 0 | Q16: =I16*M16 -> 0 | R16: =SUM(J16:M16) -> 0 | S16: =SUM(N16:Q16) -> 0 | T16: =IFERROR(S16/R16,"")
A17: =IF(予測!$A$22="","",IF(COUNTIF(前年当月データ!$A:$A,予測!$A$22-364)>0,DAY(予測!$A$22-364),"")) | B17: =IF(A17="","",SUMIFS(前年当月データ!$Q:$Q,前年当月データ!$A:$A,予測!$A$22-364)) | C17: =IF(A17="","",SUMIFS(前年当月データ!$L:$L,前年当月データ!$A:$A,予測!$A$22-364)) | D17: =IF(予測!$A$22="","",DAY(予測!$A$22)) | E17: =IF(予測!$A$22="","",CHOOSE(WEEKDAY(予測!$A$22,2),"月","火","水","木","金","土","日")) | F17: =IF(OR(予測!$A$22="",J17=0),0,ROUND(INDEX(集計!$D$77:$D$84,MATCH(予測!$C$22,集計!$A$77:$A$84,0))*設定!$B$26*設定!$B$24,-1)) -> 0 | G17: =IF(OR(予測!$A$22="",K17=0),0,ROUND(INDEX(集計!$G$77:$G$84,MATCH(予測!$C$22,集計!$A$77:$A$84,0))*設定!$B$26*設定!$B$24,-1)) -> 0 | H17: =IF(OR(予測!$A$22="",L17=0),0,ROUND(INDEX(集計!$J$77:$J$84,MATCH(予測!$C$22,集計!$A$77:$A$84,0))*設定!$B$26*設定!$B$24,-1)) -> 0 | I17: =IF(OR(予測!$A$22="",M17=0),0,ROUND(INDEX(集計!$M$77:$M$84,MATCH(予測!$C$22,集計!$A$77:$A$84,0))*設定!$B$26*設定!$B$24,-1)) -> 0 | J17: =IF(予測!$A$22="",0,ROUND(SUMIF(時間帯別予測!$E$3:$Q$3,"ランチ",時間帯別予測!$E$18:$Q$18),0)) -> 0 | K17: =IF(予測!$A$22="",0,ROUND(SUMIF(時間帯別予測!$E$3:$Q$3,"アイドル",時間帯別予測!$E$18:$Q$18),0)) -> 0 | L17: =IF(予測!$A$22="",0,MAX(0,予測!$O$22-J17-K17-M17)) -> 0 | M17: =IF(予測!$A$22="",0,ROUND(SUMIF(時間帯別予測!$E$3:$Q$3,"ナイト",時間帯別予測!$E$18:$Q$18),0)) -> 0 | N17: =F17*J17 -> 0 | O17: =G17*K17 -> 0 | P17: =H17*L17 -> 0 | Q17: =I17*M17 -> 0 | R17: =SUM(J17:M17) -> 0 | S17: =SUM(N17:Q17) -> 0 | T17: =IFERROR(S17/R17,"")
A18: =IF(予測!$A$23="","",IF(COUNTIF(前年当月データ!$A:$A,予測!$A$23-364)>0,DAY(予測!$A$23-364),"")) | B18: =IF(A18="","",SUMIFS(前年当月データ!$Q:$Q,前年当月データ!$A:$A,予測!$A$23-364)) | C18: =IF(A18="","",SUMIFS(前年当月データ!$L:$L,前年当月データ!$A:$A,予測!$A$23-364)) | D18: =IF(予測!$A$23="","",DAY(予測!$A$23)) | E18: =IF(予測!$A$23="","",CHOOSE(WEEKDAY(予測!$A$23,2),"月","火","水","木","金","土","日")) | F18: =IF(OR(予測!$A$23="",J18=0),0,ROUND(INDEX(集計!$D$77:$D$84,MATCH(予測!$C$23,集計!$A$77:$A$84,0))*設定!$B$26*設定!$B$24,-1)) -> 0 | G18: =IF(OR(予測!$A$23="",K18=0),0,ROUND(INDEX(集計!$G$77:$G$84,MATCH(予測!$C$23,集計!$A$77:$A$84,0))*設定!$B$26*設定!$B$24,-1)) -> 0 | H18: =IF(OR(予測!$A$23="",L18=0),0,ROUND(INDEX(集計!$J$77:$J$84,MATCH(予測!$C$23,集計!$A$77:$A$84,0))*設定!$B$26*設定!$B$24,-1)) -> 0 | I18: =IF(OR(予測!$A$23="",M18=0),0,ROUND(INDEX(集計!$M$77:$M$84,MATCH(予測!$C$23,集計!$A$77:$A$84,0))*設定!$B$26*設定!$B$24,-1)) -> 0 | J18: =IF(予測!$A$23="",0,ROUND(SUMIF(時間帯別予測!$E$3:$Q$3,"ランチ",時間帯別予測!$E$19:$Q$19),0)) -> 0 | K18: =IF(予測!$A$23="",0,ROUND(SUMIF(時間帯別予測!$E$3:$Q$3,"アイドル",時間帯別予測!$E$19:$Q$19),0)) -> 0 | L18: =IF(予測!$A$23="",0,MAX(0,予測!$O$23-J18-K18-M18)) -> 0 | M18: =IF(予測!$A$23="",0,ROUND(SUMIF(時間帯別予測!$E$3:$Q$3,"ナイト",時間帯別予測!$E$19:$Q$19),0)) -> 0 | N18: =F18*J18 -> 0 | O18: =G18*K18 -> 0 | P18: =H18*L18 -> 0 | Q18: =I18*M18 -> 0 | R18: =SUM(J18:M18) -> 0 | S18: =SUM(N18:Q18) -> 0 | T18: =IFERROR(S18/R18,"")
A19: =IF(予測!$A$24="","",IF(COUNTIF(前年当月データ!$A:$A,予測!$A$24-364)>0,DAY(予測!$A$24-364),"")) | B19: =IF(A19="","",SUMIFS(前年当月データ!$Q:$Q,前年当月データ!$A:$A,予測!$A$24-364)) | C19: =IF(A19="","",SUMIFS(前年当月データ!$L:$L,前年当月データ!$A:$A,予測!$A$24-364)) | D19: =IF(予測!$A$24="","",DAY(予測!$A$24)) | E19: =IF(予測!$A$24="","",CHOOSE(WEEKDAY(予測!$A$24,2),"月","火","水","木","金","土","日")) | F19: =IF(OR(予測!$A$24="",J19=0),0,ROUND(INDEX(集計!$D$77:$D$84,MATCH(予測!$C$24,集計!$A$77:$A$84,0))*設定!$B$26*設定!$B$24,-1)) -> 0 | G19: =IF(OR(予測!$A$24="",K19=0),0,ROUND(INDEX(集計!$G$77:$G$84,MATCH(予測!$C$24,集計!$A$77:$A$84,0))*設定!$B$26*設定!$B$24,-1)) -> 0 | H19: =IF(OR(予測!$A$24="",L19=0),0,ROUND(INDEX(集計!$J$77:$J$84,MATCH(予測!$C$24,集計!$A$77:$A$84,0))*設定!$B$26*設定!$B$24,-1)) -> 0 | I19: =IF(OR(予測!$A$24="",M19=0),0,ROUND(INDEX(集計!$M$77:$M$84,MATCH(予測!$C$24,集計!$A$77:$A$84,0))*設定!$B$26*設定!$B$24,-1)) -> 0 | J19: =IF(予測!$A$24="",0,ROUND(SUMIF(時間帯別予測!$E$3:$Q$3,"ランチ",時間帯別予測!$E$20:$Q$20),0)) -> 0 | K19: =IF(予測!$A$24="",0,ROUND(SUMIF(時間帯別予測!$E$3:$Q$3,"アイドル",時間帯別予測!$E$20:$Q$20),0)) -> 0 | L19: =IF(予測!$A$24="",0,MAX(0,予測!$O$24-J19-K19-M19)) -> 0 | M19: =IF(予測!$A$24="",0,ROUND(SUMIF(時間帯別予測!$E$3:$Q$3,"ナイト",時間帯別予測!$E$20:$Q$20),0)) -> 0 | N19: =F19*J19 -> 0 | O19: =G19*K19 -> 0 | P19: =H19*L19 -> 0 | Q19: =I19*M19 -> 0 | R19: =SUM(J19:M19) -> 0 | S19: =SUM(N19:Q19) -> 0 | T19: =IFERROR(S19/R19,"")
A20: =IF(予測!$A$25="","",IF(COUNTIF(前年当月データ!$A:$A,予測!$A$25-364)>0,DAY(予測!$A$25-364),"")) | B20: =IF(A20="","",SUMIFS(前年当月データ!$Q:$Q,前年当月データ!$A:$A,予測!$A$25-364)) | C20: =IF(A20="","",SUMIFS(前年当月データ!$L:$L,前年当月データ!$A:$A,予測!$A$25-364)) | D20: =IF(予測!$A$25="","",DAY(予測!$A$25)) | E20: =IF(予測!$A$25="","",CHOOSE(WEEKDAY(予測!$A$25,2),"月","火","水","木","金","土","日")) | F20: =IF(OR(予測!$A$25="",J20=0),0,ROUND(INDEX(集計!$D$77:$D$84,MATCH(予測!$C$25,集計!$A$77:$A$84,0))*設定!$B$26*設定!$B$24,-1)) -> 0 | G20: =IF(OR(予測!$A$25="",K20=0),0,ROUND(INDEX(集計!$G$77:$G$84,MATCH(予測!$C$25,集計!$A$77:$A$84,0))*設定!$B$26*設定!$B$24,-1)) -> 0 | H20: =IF(OR(予測!$A$25="",L20=0),0,ROUND(INDEX(集計!$J$77:$J$84,MATCH(予測!$C$25,集計!$A$77:$A$84,0))*設定!$B$26*設定!$B$24,-1)) -> 0 | I20: =IF(OR(予測!$A$25="",M20=0),0,ROUND(INDEX(集計!$M$77:$M$84,MATCH(予測!$C$25,集計!$A$77:$A$84,0))*設定!$B$26*設定!$B$24,-1)) -> 0 | J20: =IF(予測!$A$25="",0,ROUND(SUMIF(時間帯別予測!$E$3:$Q$3,"ランチ",時間帯別予測!$E$21:$Q$21),0)) -> 0 | K20: =IF(予測!$A$25="",0,ROUND(SUMIF(時間帯別予測!$E$3:$Q$3,"アイドル",時間帯別予測!$E$21:$Q$21),0)) -> 0 | L20: =IF(予測!$A$25="",0,MAX(0,予測!$O$25-J20-K20-M20)) -> 0 | M20: =IF(予測!$A$25="",0,ROUND(SUMIF(時間帯別予測!$E$3:$Q$3,"ナイト",時間帯別予測!$E$21:$Q$21),0)) -> 0 | N20: =F20*J20 -> 0 | O20: =G20*K20 -> 0 | P20: =H20*L20 -> 0 | Q20: =I20*M20 -> 0 | R20: =SUM(J20:M20) -> 0 | S20: =SUM(N20:Q20) -> 0 | T20: =IFERROR(S20/R20,"")
A21: =IF(予測!$A$26="","",IF(COUNTIF(前年当月データ!$A:$A,予測!$A$26-364)>0,DAY(予測!$A$26-364),"")) | B21: =IF(A21="","",SUMIFS(前年当月データ!$Q:$Q,前年当月データ!$A:$A,予測!$A$26-364)) | C21: =IF(A21="","",SUMIFS(前年当月データ!$L:$L,前年当月データ!$A:$A,予測!$A$26-364)) | D21: =IF(予測!$A$26="","",DAY(予測!$A$26)) | E21: =IF(予測!$A$26="","",CHOOSE(WEEKDAY(予測!$A$26,2),"月","火","水","木","金","土","日")) | F21: =IF(OR(予測!$A$26="",J21=0),0,ROUND(INDEX(集計!$D$77:$D$84,MATCH(予測!$C$26,集計!$A$77:$A$84,0))*設定!$B$26*設定!$B$24,-1)) -> 0 | G21: =IF(OR(予測!$A$26="",K21=0),0,ROUND(INDEX(集計!$G$77:$G$84,MATCH(予測!$C$26,集計!$A$77:$A$84,0))*設定!$B$26*設定!$B$24,-1)) -> 0 | H21: =IF(OR(予測!$A$26="",L21=0),0,ROUND(INDEX(集計!$J$77:$J$84,MATCH(予測!$C$26,集計!$A$77:$A$84,0))*設定!$B$26*設定!$B$24,-1)) -> 0 | I21: =IF(OR(予測!$A$26="",M21=0),0,ROUND(INDEX(集計!$M$77:$M$84,MATCH(予測!$C$26,集計!$A$77:$A$84,0))*設定!$B$26*設定!$B$24,-1)) -> 0 | J21: =IF(予測!$A$26="",0,ROUND(SUMIF(時間帯別予測!$E$3:$Q$3,"ランチ",時間帯別予測!$E$22:$Q$22),0)) -> 0 | K21: =IF(予測!$A$26="",0,ROUND(SUMIF(時間帯別予測!$E$3:$Q$3,"アイドル",時間帯別予測!$E$22:$Q$22),0)) -> 0 | L21: =IF(予測!$A$26="",0,MAX(0,予測!$O$26-J21-K21-M21)) -> 0 | M21: =IF(予測!$A$26="",0,ROUND(SUMIF(時間帯別予測!$E$3:$Q$3,"ナイト",時間帯別予測!$E$22:$Q$22),0)) -> 0 | N21: =F21*J21 -> 0 | O21: =G21*K21 -> 0 | P21: =H21*L21 -> 0 | Q21: =I21*M21 -> 0 | R21: =SUM(J21:M21) -> 0 | S21: =SUM(N21:Q21) -> 0 | T21: =IFERROR(S21/R21,"")
A22: =IF(予測!$A$27="","",IF(COUNTIF(前年当月データ!$A:$A,予測!$A$27-364)>0,DAY(予測!$A$27-364),"")) | B22: =IF(A22="","",SUMIFS(前年当月データ!$Q:$Q,前年当月データ!$A:$A,予測!$A$27-364)) | C22: =IF(A22="","",SUMIFS(前年当月データ!$L:$L,前年当月データ!$A:$A,予測!$A$27-364)) | D22: =IF(予測!$A$27="","",DAY(予測!$A$27)) | E22: =IF(予測!$A$27="","",CHOOSE(WEEKDAY(予測!$A$27,2),"月","火","水","木","金","土","日")) | F22: =IF(OR(予測!$A$27="",J22=0),0,ROUND(INDEX(集計!$D$77:$D$84,MATCH(予測!$C$27,集計!$A$77:$A$84,0))*設定!$B$26*設定!$B$24,-1)) -> 0 | G22: =IF(OR(予測!$A$27="",K22=0),0,ROUND(INDEX(集計!$G$77:$G$84,MATCH(予測!$C$27,集計!$A$77:$A$84,0))*設定!$B$26*設定!$B$24,-1)) -> 0 | H22: =IF(OR(予測!$A$27="",L22=0),0,ROUND(INDEX(集計!$J$77:$J$84,MATCH(予測!$C$27,集計!$A$77:$A$84,0))*設定!$B$26*設定!$B$24,-1)) -> 0 | I22: =IF(OR(予測!$A$27="",M22=0),0,ROUND(INDEX(集計!$M$77:$M$84,MATCH(予測!$C$27,集計!$A$77:$A$84,0))*設定!$B$26*設定!$B$24,-1)) -> 0 | J22: =IF(予測!$A$27="",0,ROUND(SUMIF(時間帯別予測!$E$3:$Q$3,"ランチ",時間帯別予測!$E$23:$Q$23),0)) -> 0 | K22: =IF(予測!$A$27="",0,ROUND(SUMIF(時間帯別予測!$E$3:$Q$3,"アイドル",時間帯別予測!$E$23:$Q$23),0)) -> 0 | L22: =IF(予測!$A$27="",0,MAX(0,予測!$O$27-J22-K22-M22)) -> 0 | M22: =IF(予測!$A$27="",0,ROUND(SUMIF(時間帯別予測!$E$3:$Q$3,"ナイト",時間帯別予測!$E$23:$Q$23),0)) -> 0 | N22: =F22*J22 -> 0 | O22: =G22*K22 -> 0 | P22: =H22*L22 -> 0 | Q22: =I22*M22 -> 0 | R22: =SUM(J22:M22) -> 0 | S22: =SUM(N22:Q22) -> 0 | T22: =IFERROR(S22/R22,"")
A23: =IF(予測!$A$28="","",IF(COUNTIF(前年当月データ!$A:$A,予測!$A$28-364)>0,DAY(予測!$A$28-364),"")) | B23: =IF(A23="","",SUMIFS(前年当月データ!$Q:$Q,前年当月データ!$A:$A,予測!$A$28-364)) | C23: =IF(A23="","",SUMIFS(前年当月データ!$L:$L,前年当月データ!$A:$A,予測!$A$28-364)) | D23: =IF(予測!$A$28="","",DAY(予測!$A$28)) | E23: =IF(予測!$A$28="","",CHOOSE(WEEKDAY(予測!$A$28,2),"月","火","水","木","金","土","日")) | F23: =IF(OR(予測!$A$28="",J23=0),0,ROUND(INDEX(集計!$D$77:$D$84,MATCH(予測!$C$28,集計!$A$77:$A$84,0))*設定!$B$26*設定!$B$24,-1)) -> 0 | G23: =IF(OR(予測!$A$28="",K23=0),0,ROUND(INDEX(集計!$G$77:$G$84,MATCH(予測!$C$28,集計!$A$77:$A$84,0))*設定!$B$26*設定!$B$24,-1)) -> 0 | H23: =IF(OR(予測!$A$28="",L23=0),0,ROUND(INDEX(集計!$J$77:$J$84,MATCH(予測!$C$28,集計!$A$77:$A$84,0))*設定!$B$26*設定!$B$24,-1)) -> 0 | I23: =IF(OR(予測!$A$28="",M23=0),0,ROUND(INDEX(集計!$M$77:$M$84,MATCH(予測!$C$28,集計!$A$77:$A$84,0))*設定!$B$26*設定!$B$24,-1)) -> 0 | J23: =IF(予測!$A$28="",0,ROUND(SUMIF(時間帯別予測!$E$3:$Q$3,"ランチ",時間帯別予測!$E$24:$Q$24),0)) -> 0 | K23: =IF(予測!$A$28="",0,ROUND(SUMIF(時間帯別予測!$E$3:$Q$3,"アイドル",時間帯別予測!$E$24:$Q$24),0)) -> 0 | L23: =IF(予測!$A$28="",0,MAX(0,予測!$O$28-J23-K23-M23)) -> 0 | M23: =IF(予測!$A$28="",0,ROUND(SUMIF(時間帯別予測!$E$3:$Q$3,"ナイト",時間帯別予測!$E$24:$Q$24),0)) -> 0 | N23: =F23*J23 -> 0 | O23: =G23*K23 -> 0 | P23: =H23*L23 -> 0 | Q23: =I23*M23 -> 0 | R23: =SUM(J23:M23) -> 0 | S23: =SUM(N23:Q23) -> 0 | T23: =IFERROR(S23/R23,"")
A24: =IF(予測!$A$29="","",IF(COUNTIF(前年当月データ!$A:$A,予測!$A$29-364)>0,DAY(予測!$A$29-364),"")) | B24: =IF(A24="","",SUMIFS(前年当月データ!$Q:$Q,前年当月データ!$A:$A,予測!$A$29-364)) | C24: =IF(A24="","",SUMIFS(前年当月データ!$L:$L,前年当月データ!$A:$A,予測!$A$29-364)) | D24: =IF(予測!$A$29="","",DAY(予測!$A$29)) | E24: =IF(予測!$A$29="","",CHOOSE(WEEKDAY(予測!$A$29,2),"月","火","水","木","金","土","日")) | F24: =IF(OR(予測!$A$29="",J24=0),0,ROUND(INDEX(集計!$D$77:$D$84,MATCH(予測!$C$29,集計!$A$77:$A$84,0))*設定!$B$26*設定!$B$24,-1)) -> 0 | G24: =IF(OR(予測!$A$29="",K24=0),0,ROUND(INDEX(集計!$G$77:$G$84,MATCH(予測!$C$29,集計!$A$77:$A$84,0))*設定!$B$26*設定!$B$24,-1)) -> 0 | H24: =IF(OR(予測!$A$29="",L24=0),0,ROUND(INDEX(集計!$J$77:$J$84,MATCH(予測!$C$29,集計!$A$77:$A$84,0))*設定!$B$26*設定!$B$24,-1)) -> 0 | I24: =IF(OR(予測!$A$29="",M24=0),0,ROUND(INDEX(集計!$M$77:$M$84,MATCH(予測!$C$29,集計!$A$77:$A$84,0))*設定!$B$26*設定!$B$24,-1)) -> 0 | J24: =IF(予測!$A$29="",0,ROUND(SUMIF(時間帯別予測!$E$3:$Q$3,"ランチ",時間帯別予測!$E$25:$Q$25),0)) -> 0 | K24: =IF(予測!$A$29="",0,ROUND(SUMIF(時間帯別予測!$E$3:$Q$3,"アイドル",時間帯別予測!$E$25:$Q$25),0)) -> 0 | L24: =IF(予測!$A$29="",0,MAX(0,予測!$O$29-J24-K24-M24)) -> 0 | M24: =IF(予測!$A$29="",0,ROUND(SUMIF(時間帯別予測!$E$3:$Q$3,"ナイト",時間帯別予測!$E$25:$Q$25),0)) -> 0 | N24: =F24*J24 -> 0 | O24: =G24*K24 -> 0 | P24: =H24*L24 -> 0 | Q24: =I24*M24 -> 0 | R24: =SUM(J24:M24) -> 0 | S24: =SUM(N24:Q24) -> 0 | T24: =IFERROR(S24/R24,"")
A25: =IF(予測!$A$30="","",IF(COUNTIF(前年当月データ!$A:$A,予測!$A$30-364)>0,DAY(予測!$A$30-364),"")) | B25: =IF(A25="","",SUMIFS(前年当月データ!$Q:$Q,前年当月データ!$A:$A,予測!$A$30-364)) | C25: =IF(A25="","",SUMIFS(前年当月データ!$L:$L,前年当月データ!$A:$A,予測!$A$30-364)) | D25: =IF(予測!$A$30="","",DAY(予測!$A$30)) | E25: =IF(予測!$A$30="","",CHOOSE(WEEKDAY(予測!$A$30,2),"月","火","水","木","金","土","日")) | F25: =IF(OR(予測!$A$30="",J25=0),0,ROUND(INDEX(集計!$D$77:$D$84,MATCH(予測!$C$30,集計!$A$77:$A$84,0))*設定!$B$26*設定!$B$24,-1)) -> 0 | G25: =IF(OR(予測!$A$30="",K25=0),0,ROUND(INDEX(集計!$G$77:$G$84,MATCH(予測!$C$30,集計!$A$77:$A$84,0))*設定!$B$26*設定!$B$24,-1)) -> 0 | H25: =IF(OR(予測!$A$30="",L25=0),0,ROUND(INDEX(集計!$J$77:$J$84,MATCH(予測!$C$30,集計!$A$77:$A$84,0))*設定!$B$26*設定!$B$24,-1)) -> 0 | I25: =IF(OR(予測!$A$30="",M25=0),0,ROUND(INDEX(集計!$M$77:$M$84,MATCH(予測!$C$30,集計!$A$77:$A$84,0))*設定!$B$26*設定!$B$24,-1)) -> 0 | J25: =IF(予測!$A$30="",0,ROUND(SUMIF(時間帯別予測!$E$3:$Q$3,"ランチ",時間帯別予測!$E$26:$Q$26),0)) -> 0 | K25: =IF(予測!$A$30="",0,ROUND(SUMIF(時間帯別予測!$E$3:$Q$3,"アイドル",時間帯別予測!$E$26:$Q$26),0)) -> 0 | L25: =IF(予測!$A$30="",0,MAX(0,予測!$O$30-J25-K25-M25)) -> 0 | M25: =IF(予測!$A$30="",0,ROUND(SUMIF(時間帯別予測!$E$3:$Q$3,"ナイト",時間帯別予測!$E$26:$Q$26),0)) -> 0 | N25: =F25*J25 -> 0 | O25: =G25*K25 -> 0 | P25: =H25*L25 -> 0 | Q25: =I25*M25 -> 0 | R25: =SUM(J25:M25) -> 0 | S25: =SUM(N25:Q25) -> 0 | T25: =IFERROR(S25/R25,"")
A26: =IF(予測!$A$31="","",IF(COUNTIF(前年当月データ!$A:$A,予測!$A$31-364)>0,DAY(予測!$A$31-364),"")) | B26: =IF(A26="","",SUMIFS(前年当月データ!$Q:$Q,前年当月データ!$A:$A,予測!$A$31-364)) | C26: =IF(A26="","",SUMIFS(前年当月データ!$L:$L,前年当月データ!$A:$A,予測!$A$31-364)) | D26: =IF(予測!$A$31="","",DAY(予測!$A$31)) | E26: =IF(予測!$A$31="","",CHOOSE(WEEKDAY(予測!$A$31,2),"月","火","水","木","金","土","日")) | F26: =IF(OR(予測!$A$31="",J26=0),0,ROUND(INDEX(集計!$D$77:$D$84,MATCH(予測!$C$31,集計!$A$77:$A$84,0))*設定!$B$26*設定!$B$24,-1)) -> 0 | G26: =IF(OR(予測!$A$31="",K26=0),0,ROUND(INDEX(集計!$G$77:$G$84,MATCH(予測!$C$31,集計!$A$77:$A$84,0))*設定!$B$26*設定!$B$24,-1)) -> 0 | H26: =IF(OR(予測!$A$31="",L26=0),0,ROUND(INDEX(集計!$J$77:$J$84,MATCH(予測!$C$31,集計!$A$77:$A$84,0))*設定!$B$26*設定!$B$24,-1)) -> 0 | I26: =IF(OR(予測!$A$31="",M26=0),0,ROUND(INDEX(集計!$M$77:$M$84,MATCH(予測!$C$31,集計!$A$77:$A$84,0))*設定!$B$26*設定!$B$24,-1)) -> 0 | J26: =IF(予測!$A$31="",0,ROUND(SUMIF(時間帯別予測!$E$3:$Q$3,"ランチ",時間帯別予測!$E$27:$Q$27),0)) -> 0 | K26: =IF(予測!$A$31="",0,ROUND(SUMIF(時間帯別予測!$E$3:$Q$3,"アイドル",時間帯別予測!$E$27:$Q$27),0)) -> 0 | L26: =IF(予測!$A$31="",0,MAX(0,予測!$O$31-J26-K26-M26)) -> 0 | M26: =IF(予測!$A$31="",0,ROUND(SUMIF(時間帯別予測!$E$3:$Q$3,"ナイト",時間帯別予測!$E$27:$Q$27),0)) -> 0 | N26: =F26*J26 -> 0 | O26: =G26*K26 -> 0 | P26: =H26*L26 -> 0 | Q26: =I26*M26 -> 0 | R26: =SUM(J26:M26) -> 0 | S26: =SUM(N26:Q26) -> 0 | T26: =IFERROR(S26/R26,"")
A27: =IF(予測!$A$32="","",IF(COUNTIF(前年当月データ!$A:$A,予測!$A$32-364)>0,DAY(予測!$A$32-364),"")) | B27: =IF(A27="","",SUMIFS(前年当月データ!$Q:$Q,前年当月データ!$A:$A,予測!$A$32-364)) | C27: =IF(A27="","",SUMIFS(前年当月データ!$L:$L,前年当月データ!$A:$A,予測!$A$32-364)) | D27: =IF(予測!$A$32="","",DAY(予測!$A$32)) | E27: =IF(予測!$A$32="","",CHOOSE(WEEKDAY(予測!$A$32,2),"月","火","水","木","金","土","日")) | F27: =IF(OR(予測!$A$32="",J27=0),0,ROUND(INDEX(集計!$D$77:$D$84,MATCH(予測!$C$32,集計!$A$77:$A$84,0))*設定!$B$26*設定!$B$24,-1)) -> 0 | G27: =IF(OR(予測!$A$32="",K27=0),0,ROUND(INDEX(集計!$G$77:$G$84,MATCH(予測!$C$32,集計!$A$77:$A$84,0))*設定!$B$26*設定!$B$24,-1)) -> 0 | H27: =IF(OR(予測!$A$32="",L27=0),0,ROUND(INDEX(集計!$J$77:$J$84,MATCH(予測!$C$32,集計!$A$77:$A$84,0))*設定!$B$26*設定!$B$24,-1)) -> 0 | I27: =IF(OR(予測!$A$32="",M27=0),0,ROUND(INDEX(集計!$M$77:$M$84,MATCH(予測!$C$32,集計!$A$77:$A$84,0))*設定!$B$26*設定!$B$24,-1)) -> 0 | J27: =IF(予測!$A$32="",0,ROUND(SUMIF(時間帯別予測!$E$3:$Q$3,"ランチ",時間帯別予測!$E$28:$Q$28),0)) -> 0 | K27: =IF(予測!$A$32="",0,ROUND(SUMIF(時間帯別予測!$E$3:$Q$3,"アイドル",時間帯別予測!$E$28:$Q$28),0)) -> 0 | L27: =IF(予測!$A$32="",0,MAX(0,予測!$O$32-J27-K27-M27)) -> 0 | M27: =IF(予測!$A$32="",0,ROUND(SUMIF(時間帯別予測!$E$3:$Q$3,"ナイト",時間帯別予測!$E$28:$Q$28),0)) -> 0 | N27: =F27*J27 -> 0 | O27: =G27*K27 -> 0 | P27: =H27*L27 -> 0 | Q27: =I27*M27 -> 0 | R27: =SUM(J27:M27) -> 0 | S27: =SUM(N27:Q27) -> 0 | T27: =IFERROR(S27/R27,"")
A28: =IF(予測!$A$33="","",IF(COUNTIF(前年当月データ!$A:$A,予測!$A$33-364)>0,DAY(予測!$A$33-364),"")) | B28: =IF(A28="","",SUMIFS(前年当月データ!$Q:$Q,前年当月データ!$A:$A,予測!$A$33-364)) | C28: =IF(A28="","",SUMIFS(前年当月データ!$L:$L,前年当月データ!$A:$A,予測!$A$33-364)) | D28: =IF(予測!$A$33="","",DAY(予測!$A$33)) | E28: =IF(予測!$A$33="","",CHOOSE(WEEKDAY(予測!$A$33,2),"月","火","水","木","金","土","日")) | F28: =IF(OR(予測!$A$33="",J28=0),0,ROUND(INDEX(集計!$D$77:$D$84,MATCH(予測!$C$33,集計!$A$77:$A$84,0))*設定!$B$26*設定!$B$24,-1)) -> 0 | G28: =IF(OR(予測!$A$33="",K28=0),0,ROUND(INDEX(集計!$G$77:$G$84,MATCH(予測!$C$33,集計!$A$77:$A$84,0))*設定!$B$26*設定!$B$24,-1)) -> 0 | H28: =IF(OR(予測!$A$33="",L28=0),0,ROUND(INDEX(集計!$J$77:$J$84,MATCH(予測!$C$33,集計!$A$77:$A$84,0))*設定!$B$26*設定!$B$24,-1)) -> 0 | I28: =IF(OR(予測!$A$33="",M28=0),0,ROUND(INDEX(集計!$M$77:$M$84,MATCH(予測!$C$33,集計!$A$77:$A$84,0))*設定!$B$26*設定!$B$24,-1)) -> 0 | J28: =IF(予測!$A$33="",0,ROUND(SUMIF(時間帯別予測!$E$3:$Q$3,"ランチ",時間帯別予測!$E$29:$Q$29),0)) -> 0 | K28: =IF(予測!$A$33="",0,ROUND(SUMIF(時間帯別予測!$E$3:$Q$3,"アイドル",時間帯別予測!$E$29:$Q$29),0)) -> 0 | L28: =IF(予測!$A$33="",0,MAX(0,予測!$O$33-J28-K28-M28)) -> 0 | M28: =IF(予測!$A$33="",0,ROUND(SUMIF(時間帯別予測!$E$3:$Q$3,"ナイト",時間帯別予測!$E$29:$Q$29),0)) -> 0 | N28: =F28*J28 -> 0 | O28: =G28*K28 -> 0 | P28: =H28*L28 -> 0 | Q28: =I28*M28 -> 0 | R28: =SUM(J28:M28) -> 0 | S28: =SUM(N28:Q28) -> 0 | T28: =IFERROR(S28/R28,"")
A29: =IF(予測!$A$34="","",IF(COUNTIF(前年当月データ!$A:$A,予測!$A$34-364)>0,DAY(予測!$A$34-364),"")) | B29: =IF(A29="","",SUMIFS(前年当月データ!$Q:$Q,前年当月データ!$A:$A,予測!$A$34-364)) | C29: =IF(A29="","",SUMIFS(前年当月データ!$L:$L,前年当月データ!$A:$A,予測!$A$34-364)) | D29: =IF(予測!$A$34="","",DAY(予測!$A$34)) | E29: =IF(予測!$A$34="","",CHOOSE(WEEKDAY(予測!$A$34,2),"月","火","水","木","金","土","日")) | F29: =IF(OR(予測!$A$34="",J29=0),0,ROUND(INDEX(集計!$D$77:$D$84,MATCH(予測!$C$34,集計!$A$77:$A$84,0))*設定!$B$26*設定!$B$24,-1)) -> 0 | G29: =IF(OR(予測!$A$34="",K29=0),0,ROUND(INDEX(集計!$G$77:$G$84,MATCH(予測!$C$34,集計!$A$77:$A$84,0))*設定!$B$26*設定!$B$24,-1)) -> 0 | H29: =IF(OR(予測!$A$34="",L29=0),0,ROUND(INDEX(集計!$J$77:$J$84,MATCH(予測!$C$34,集計!$A$77:$A$84,0))*設定!$B$26*設定!$B$24,-1)) -> 0 | I29: =IF(OR(予測!$A$34="",M29=0),0,ROUND(INDEX(集計!$M$77:$M$84,MATCH(予測!$C$34,集計!$A$77:$A$84,0))*設定!$B$26*設定!$B$24,-1)) -> 0 | J29: =IF(予測!$A$34="",0,ROUND(SUMIF(時間帯別予測!$E$3:$Q$3,"ランチ",時間帯別予測!$E$30:$Q$30),0)) -> 0 | K29: =IF(予測!$A$34="",0,ROUND(SUMIF(時間帯別予測!$E$3:$Q$3,"アイドル",時間帯別予測!$E$30:$Q$30),0)) -> 0 | L29: =IF(予測!$A$34="",0,MAX(0,予測!$O$34-J29-K29-M29)) -> 0 | M29: =IF(予測!$A$34="",0,ROUND(SUMIF(時間帯別予測!$E$3:$Q$3,"ナイト",時間帯別予測!$E$30:$Q$30),0)) -> 0 | N29: =F29*J29 -> 0 | O29: =G29*K29 -> 0 | P29: =H29*L29 -> 0 | Q29: =I29*M29 -> 0 | R29: =SUM(J29:M29) -> 0 | S29: =SUM(N29:Q29) -> 0 | T29: =IFERROR(S29/R29,"")
A30: =IF(予測!$A$35="","",IF(COUNTIF(前年当月データ!$A:$A,予測!$A$35-364)>0,DAY(予測!$A$35-364),"")) | B30: =IF(A30="","",SUMIFS(前年当月データ!$Q:$Q,前年当月データ!$A:$A,予測!$A$35-364)) | C30: =IF(A30="","",SUMIFS(前年当月データ!$L:$L,前年当月データ!$A:$A,予測!$A$35-364)) | D30: =IF(予測!$A$35="","",DAY(予測!$A$35)) | E30: =IF(予測!$A$35="","",CHOOSE(WEEKDAY(予測!$A$35,2),"月","火","水","木","金","土","日")) | F30: =IF(OR(予測!$A$35="",J30=0),0,ROUND(INDEX(集計!$D$77:$D$84,MATCH(予測!$C$35,集計!$A$77:$A$84,0))*設定!$B$26*設定!$B$24,-1)) -> 0 | G30: =IF(OR(予測!$A$35="",K30=0),0,ROUND(INDEX(集計!$G$77:$G$84,MATCH(予測!$C$35,集計!$A$77:$A$84,0))*設定!$B$26*設定!$B$24,-1)) -> 0 | H30: =IF(OR(予測!$A$35="",L30=0),0,ROUND(INDEX(集計!$J$77:$J$84,MATCH(予測!$C$35,集計!$A$77:$A$84,0))*設定!$B$26*設定!$B$24,-1)) -> 0 | I30: =IF(OR(予測!$A$35="",M30=0),0,ROUND(INDEX(集計!$M$77:$M$84,MATCH(予測!$C$35,集計!$A$77:$A$84,0))*設定!$B$26*設定!$B$24,-1)) -> 0 | J30: =IF(予測!$A$35="",0,ROUND(SUMIF(時間帯別予測!$E$3:$Q$3,"ランチ",時間帯別予測!$E$31:$Q$31),0)) -> 0 | K30: =IF(予測!$A$35="",0,ROUND(SUMIF(時間帯別予測!$E$3:$Q$3,"アイドル",時間帯別予測!$E$31:$Q$31),0)) -> 0 | L30: =IF(予測!$A$35="",0,MAX(0,予測!$O$35-J30-K30-M30)) -> 0 | M30: =IF(予測!$A$35="",0,ROUND(SUMIF(時間帯別予測!$E$3:$Q$3,"ナイト",時間帯別予測!$E$31:$Q$31),0)) -> 0 | N30: =F30*J30 -> 0 | O30: =G30*K30 -> 0 | P30: =H30*L30 -> 0 | Q30: =I30*M30 -> 0 | R30: =SUM(J30:M30) -> 0 | S30: =SUM(N30:Q30) -> 0 | T30: =IFERROR(S30/R30,"")
A31: =IF(予測!$A$36="","",IF(COUNTIF(前年当月データ!$A:$A,予測!$A$36-364)>0,DAY(予測!$A$36-364),"")) | B31: =IF(A31="","",SUMIFS(前年当月データ!$Q:$Q,前年当月データ!$A:$A,予測!$A$36-364)) | C31: =IF(A31="","",SUMIFS(前年当月データ!$L:$L,前年当月データ!$A:$A,予測!$A$36-364)) | D31: =IF(予測!$A$36="","",DAY(予測!$A$36)) | E31: =IF(予測!$A$36="","",CHOOSE(WEEKDAY(予測!$A$36,2),"月","火","水","木","金","土","日")) | F31: =IF(OR(予測!$A$36="",J31=0),0,ROUND(INDEX(集計!$D$77:$D$84,MATCH(予測!$C$36,集計!$A$77:$A$84,0))*設定!$B$26*設定!$B$24,-1)) -> 0 | G31: =IF(OR(予測!$A$36="",K31=0),0,ROUND(INDEX(集計!$G$77:$G$84,MATCH(予測!$C$36,集計!$A$77:$A$84,0))*設定!$B$26*設定!$B$24,-1)) -> 0 | H31: =IF(OR(予測!$A$36="",L31=0),0,ROUND(INDEX(集計!$J$77:$J$84,MATCH(予測!$C$36,集計!$A$77:$A$84,0))*設定!$B$26*設定!$B$24,-1)) -> 0 | I31: =IF(OR(予測!$A$36="",M31=0),0,ROUND(INDEX(集計!$M$77:$M$84,MATCH(予測!$C$36,集計!$A$77:$A$84,0))*設定!$B$26*設定!$B$24,-1)) -> 0 | J31: =IF(予測!$A$36="",0,ROUND(SUMIF(時間帯別予測!$E$3:$Q$3,"ランチ",時間帯別予測!$E$32:$Q$32),0)) -> 0 | K31: =IF(予測!$A$36="",0,ROUND(SUMIF(時間帯別予測!$E$3:$Q$3,"アイドル",時間帯別予測!$E$32:$Q$32),0)) -> 0 | L31: =IF(予測!$A$36="",0,MAX(0,予測!$O$36-J31-K31-M31)) -> 0 | M31: =IF(予測!$A$36="",0,ROUND(SUMIF(時間帯別予測!$E$3:$Q$3,"ナイト",時間帯別予測!$E$32:$Q$32),0)) -> 0 | N31: =F31*J31 -> 0 | O31: =G31*K31 -> 0 | P31: =H31*L31 -> 0 | Q31: =I31*M31 -> 0 | R31: =SUM(J31:M31) -> 0 | S31: =SUM(N31:Q31) -> 0 | T31: =IFERROR(S31/R31,"")
A32: =IF(予測!$A$37="","",IF(COUNTIF(前年当月データ!$A:$A,予測!$A$37-364)>0,DAY(予測!$A$37-364),"")) | B32: =IF(A32="","",SUMIFS(前年当月データ!$Q:$Q,前年当月データ!$A:$A,予測!$A$37-364)) | C32: =IF(A32="","",SUMIFS(前年当月データ!$L:$L,前年当月データ!$A:$A,予測!$A$37-364)) | D32: =IF(予測!$A$37="","",DAY(予測!$A$37)) | E32: =IF(予測!$A$37="","",CHOOSE(WEEKDAY(予測!$A$37,2),"月","火","水","木","金","土","日")) | F32: =IF(OR(予測!$A$37="",J32=0),0,ROUND(INDEX(集計!$D$77:$D$84,MATCH(予測!$C$37,集計!$A$77:$A$84,0))*設定!$B$26*設定!$B$24,-1)) -> 0 | G32: =IF(OR(予測!$A$37="",K32=0),0,ROUND(INDEX(集計!$G$77:$G$84,MATCH(予測!$C$37,集計!$A$77:$A$84,0))*設定!$B$26*設定!$B$24,-1)) -> 0 | H32: =IF(OR(予測!$A$37="",L32=0),0,ROUND(INDEX(集計!$J$77:$J$84,MATCH(予測!$C$37,集計!$A$77:$A$84,0))*設定!$B$26*設定!$B$24,-1)) -> 0 | I32: =IF(OR(予測!$A$37="",M32=0),0,ROUND(INDEX(集計!$M$77:$M$84,MATCH(予測!$C$37,集計!$A$77:$A$84,0))*設定!$B$26*設定!$B$24,-1)) -> 0 | J32: =IF(予測!$A$37="",0,ROUND(SUMIF(時間帯別予測!$E$3:$Q$3,"ランチ",時間帯別予測!$E$33:$Q$33),0)) -> 0 | K32: =IF(予測!$A$37="",0,ROUND(SUMIF(時間帯別予測!$E$3:$Q$3,"アイドル",時間帯別予測!$E$33:$Q$33),0)) -> 0 | L32: =IF(予測!$A$37="",0,MAX(0,予測!$O$37-J32-K32-M32)) -> 0 | M32: =IF(予測!$A$37="",0,ROUND(SUMIF(時間帯別予測!$E$3:$Q$3,"ナイト",時間帯別予測!$E$33:$Q$33),0)) -> 0 | N32: =F32*J32 -> 0 | O32: =G32*K32 -> 0 | P32: =H32*L32 -> 0 | Q32: =I32*M32 -> 0 | R32: =SUM(J32:M32) -> 0 | S32: =SUM(N32:Q32) -> 0 | T32: =IFERROR(S32/R32,"")
A33: =IF(予測!$A$38="","",IF(COUNTIF(前年当月データ!$A:$A,予測!$A$38-364)>0,DAY(予測!$A$38-364),"")) | B33: =IF(A33="","",SUMIFS(前年当月データ!$Q:$Q,前年当月データ!$A:$A,予測!$A$38-364)) | C33: =IF(A33="","",SUMIFS(前年当月データ!$L:$L,前年当月データ!$A:$A,予測!$A$38-364)) | D33: =IF(予測!$A$38="","",DAY(予測!$A$38)) | E33: =IF(予測!$A$38="","",CHOOSE(WEEKDAY(予測!$A$38,2),"月","火","水","木","金","土","日")) | F33: =IF(OR(予測!$A$38="",J33=0),0,ROUND(INDEX(集計!$D$77:$D$84,MATCH(予測!$C$38,集計!$A$77:$A$84,0))*設定!$B$26*設定!$B$24,-1)) -> 0 | G33: =IF(OR(予測!$A$38="",K33=0),0,ROUND(INDEX(集計!$G$77:$G$84,MATCH(予測!$C$38,集計!$A$77:$A$84,0))*設定!$B$26*設定!$B$24,-1)) -> 0 | H33: =IF(OR(予測!$A$38="",L33=0),0,ROUND(INDEX(集計!$J$77:$J$84,MATCH(予測!$C$38,集計!$A$77:$A$84,0))*設定!$B$26*設定!$B$24,-1)) -> 0 | I33: =IF(OR(予測!$A$38="",M33=0),0,ROUND(INDEX(集計!$M$77:$M$84,MATCH(予測!$C$38,集計!$A$77:$A$84,0))*設定!$B$26*設定!$B$24,-1)) -> 0 | J33: =IF(予測!$A$38="",0,ROUND(SUMIF(時間帯別予測!$E$3:$Q$3,"ランチ",時間帯別予測!$E$34:$Q$34),0)) -> 0 | K33: =IF(予測!$A$38="",0,ROUND(SUMIF(時間帯別予測!$E$3:$Q$3,"アイドル",時間帯別予測!$E$34:$Q$34),0)) -> 0 | L33: =IF(予測!$A$38="",0,MAX(0,予測!$O$38-J33-K33-M33)) -> 0 | M33: =IF(予測!$A$38="",0,ROUND(SUMIF(時間帯別予測!$E$3:$Q$3,"ナイト",時間帯別予測!$E$34:$Q$34),0)) -> 0 | N33: =F33*J33 -> 0 | O33: =G33*K33 -> 0 | P33: =H33*L33 -> 0 | Q33: =I33*M33 -> 0 | R33: =SUM(J33:M33) -> 0 | S33: =SUM(N33:Q33) -> 0 | T33: =IFERROR(S33/R33,"")
A34: =IF(予測!$A$39="","",IF(COUNTIF(前年当月データ!$A:$A,予測!$A$39-364)>0,DAY(予測!$A$39-364),"")) | B34: =IF(A34="","",SUMIFS(前年当月データ!$Q:$Q,前年当月データ!$A:$A,予測!$A$39-364)) | C34: =IF(A34="","",SUMIFS(前年当月データ!$L:$L,前年当月データ!$A:$A,予測!$A$39-364)) | D34: =IF(予測!$A$39="","",DAY(予測!$A$39)) | E34: =IF(予測!$A$39="","",CHOOSE(WEEKDAY(予測!$A$39,2),"月","火","水","木","金","土","日")) | F34: =IF(OR(予測!$A$39="",J34=0),0,ROUND(INDEX(集計!$D$77:$D$84,MATCH(予測!$C$39,集計!$A$77:$A$84,0))*設定!$B$26*設定!$B$24,-1)) -> 0 | G34: =IF(OR(予測!$A$39="",K34=0),0,ROUND(INDEX(集計!$G$77:$G$84,MATCH(予測!$C$39,集計!$A$77:$A$84,0))*設定!$B$26*設定!$B$24,-1)) -> 0 | H34: =IF(OR(予測!$A$39="",L34=0),0,ROUND(INDEX(集計!$J$77:$J$84,MATCH(予測!$C$39,集計!$A$77:$A$84,0))*設定!$B$26*設定!$B$24,-1)) -> 0 | I34: =IF(OR(予測!$A$39="",M34=0),0,ROUND(INDEX(集計!$M$77:$M$84,MATCH(予測!$C$39,集計!$A$77:$A$84,0))*設定!$B$26*設定!$B$24,-1)) -> 0 | J34: =IF(予測!$A$39="",0,ROUND(SUMIF(時間帯別予測!$E$3:$Q$3,"ランチ",時間帯別予測!$E$35:$Q$35),0)) -> 0 | K34: =IF(予測!$A$39="",0,ROUND(SUMIF(時間帯別予測!$E$3:$Q$3,"アイドル",時間帯別予測!$E$35:$Q$35),0)) -> 0 | L34: =IF(予測!$A$39="",0,MAX(0,予測!$O$39-J34-K34-M34)) -> 0 | M34: =IF(予測!$A$39="",0,ROUND(SUMIF(時間帯別予測!$E$3:$Q$3,"ナイト",時間帯別予測!$E$35:$Q$35),0)) -> 0 | N34: =F34*J34 -> 0 | O34: =G34*K34 -> 0 | P34: =H34*L34 -> 0 | Q34: =I34*M34 -> 0 | R34: =SUM(J34:M34) -> 0 | S34: =SUM(N34:Q34) -> 0 | T34: =IFERROR(S34/R34,"")
A35: 合計 | B35: =SUM(B4:B34) -> 0 | C35: =SUM(C4:C34) -> 0 | F35: =IFERROR(N35/J35,"") | G35: =IFERROR(O35/K35,"") | H35: =IFERROR(P35/L35,"") | I35: =IFERROR(Q35/M35,"") | J35: =SUM(J4:J34) -> 0 | K35: =SUM(K4:K34) -> 0 | L35: =SUM(L4:L34) -> 0 | M35: =SUM(M4:M34) -> 0 | N35: =SUM(N4:N34) -> 0 | O35: =SUM(O4:O34) -> 0 | P35: =SUM(P4:P34) -> 0 | Q35: =SUM(Q4:Q34) -> 0 | ... S35: =SUM(S4:S34) -> 0 | T35: =IFERROR(S35/R35,"")

Sheet 設定
A1: 設定
E2: ▼ 時刻→時間帯の対応表（【事前】売上予測の列分けに使用・変更可）
A3: ▼ 対象月 | E3: 時刻 | F3: 時間帯
A4: 先月（データから自動判定） | B4: =IF(ISNUMBER(先月データ!A2),DATE(YEAR(先月データ!A2),MONTH(先月データ!A2),1),"") | C4: 先月データの1行目の日付から自動判定 | E4: 0 | F4: ナイト
A5: 先々月（データから自動判定） | B5: =IF(ISNUMBER(先々月データ!A2),DATE(YEAR(先々月データ!A2),MONTH(先々月データ!A2),1),"") | C5: 先々月データの1行目の日付から自動判定 | E5: 1 | F5: ナイト
A6: 前年当月（データから自動判定） | B6: =IF(ISNUMBER(前年当月データ!A2),DATE(YEAR(前年当月データ!A2),MONTH(前年当月データ!A2),1),"") | C6: 前年当月データの1行目の日付から自動判定（例：当月が2026年10月なら2025年10月を指定して出力） | E6: 2 | F6: ナイト
A7: 予測する月（当月） | B7: =IF(設定!$B$4="","",EDATE(設定!$B$4,1)) | C7: 通常は先月の翌月（自動）。別の月にしたい場合は 2026/11/1 のように月初日を直接入力 | E7: 3 | F7: ナイト
A8: 当月の日数 | B8: =IF(設定!$B$7="","",DAY(EOMONTH(設定!$B$7,0))) | E8: 4 | F8: ナイト
A9: ▼ 営業時間 | E9: 5 | F9: ナイト
A10: 夜営業の開始時刻 | B10: 17 | C10: この時刻以降をディナー、より前をランチ（昼〜夕方の通し営業を含む）として分けて計算 | E10: 6 | F10: ナイト
A11: 平日のランチ営業 | B11: なし | C11: この店舗の標準。「あり」にすると平日もランチ客数・客単価を予測（日ごとの変更は「予測」シートの営業区分で） | E11: 7 | F11: ナイト
A12: 土日祝のランチ営業 | B12: あり | E12: 8 | F12: モーニング
A13: ランチ営業ありと判定する客数 | B13: 10 | C13: 過去データで、夜営業開始前の客数がこれ以上の日を「ランチ営業した日」とみなす | E13: 9 | F13: モーニング
A14: ▼ 重み | E14: 10 | F14: モーニング
A15: 先月の重み | B15: 0.6 | C15: 直近ほど重視。先々月と合計1でなくてもOK（比率で按分） | E15: 11 | F15: ランチ
A16: 先々月の重み | B16: 0.4 | E16: 12 | F16: ランチ
A17: 前年同曜日の重み（0〜1） | B17: 0.5 | C17: 前年当月データがある日は「直近ベース×(1−重み)＋前年同曜日×直近前年比×重み」。0にすると前年の日別値は使わない | E17: 13 | F17: ランチ
A18: ▼ 補正 | E18: 14 | F18: ランチ
A19: トレンド係数 | B19: 1 | C19: 全体の上げ下げ。例：販促・値上げで5%増を見込む→1.05 | E19: 15 | F19: アイドル
A20: 季節係数（前年当月データが無い場合の手入力） | B20: 1 | C20: 前年当月データを貼ればそちらから自動計算されるので入力不要 | E20: 16 | F20: アイドル
A21: 季節係数（適用値） | B21: =IF(AND(設定!$B$6<>"",SUM(集計!$U$38:$U$44)>0),SUMIFS(集計!$T$38:$T$44,集計!$U$38:$U$44,1)/SUMIFS(集計!$S$38:$S$44,集計!$U$38:$U$44,1),設定!$B$20) -> 1 | C21: ＝前年当月の曜日別ディナー平均 ÷ 前年の先月・先々月の曜日別ディナー平均（祝日を除く） | E21: 17 | F21: アイドル
A22: 直近の前年比（適用値） | B22: =IF(設定!$B$29<>"",設定!$B$29,IF(設定!$B$30<>"",設定!$B$30,1)) -> 1 | C22: 先月の客数 ÷ 先月の前年客数（先月が無ければ先々月）。前年同曜日の値に掛けて今年の水準に合わせる | E22: 18 | F22: ディナー
A23: ▼ 客単価の補正 | E23: 19 | F23: ディナー
A24: 客単価トレンド係数 | B24: 1 | C24: 値上げ・メニュー改定・クーポン施策など。例：3%値上げ→1.03 | E24: 20 | F24: ディナー
A25: 客単価の季節係数（前年当月データが無い場合の手入力） | B25: 1 | C25: 前年当月データを貼ればそちらから自動計算 | E25: 21 | F25: ディナー
A26: 客単価の季節係数（適用値） | B26: =IFERROR(IF(設定!$B$33="",設定!$B$25,設定!$B$33/IF(AND(ISNUMBER(設定!$B$34),ISNUMBER(設定!$B$35)),(設定!$B$15*設定!$B$34+設定!$B$16*設定!$B$35)/(設定!$B$15+設定!$B$16),IF(ISNUMBER(設定!$B$34),設定!$B$34,設定!$B$35))),設定!$B$25) -> 1 | C26: ＝前年当月の客単価 ÷ 前年の先月・先々月の客単価（重み付け） | E26: 22 | F26: ナイト
A27: 時間帯別客単価を計算する最低客数 | B27: 10 | C27: この人数未満の時間帯は、単価がぶれるので全体（全曜日合算）の単価で代用 | E27: 23 | F27: ナイト
A28: ▼ 判断材料
A29: 【参考】先月 客数前年比 | B29: =IFERROR(SUM(集計!$E$3:$E$33)/SUM(集計!$G$3:$G$33),"")
A30: 【参考】先々月 客数前年比 | B30: =IFERROR(SUM(集計!$Q$3:$Q$33)/SUM(集計!$S$3:$S$33),"")
A31: 【参考】先月 客単価 | B31: =IFERROR(SUM(集計!$F$3:$F$33)/SUM(集計!$E$3:$E$33),"")
A32: 【参考】先々月 客単価 | B32: =IFERROR(SUM(集計!$R$3:$R$33)/SUM(集計!$Q$3:$Q$33),"")
A33: 【参考】前年当月 客単価 | B33: =IFERROR(SUM(集計!$AE$3:$AE$33)/SUM(集計!$AB$3:$AB$33),"")
A34: 【参考】先月の前年 客単価 | B34: =IFERROR(SUM(集計!$M$3:$M$33)/SUM(集計!$G$3:$G$33),"") | C34: データの「売上前年」÷「客数前年」
A35: 【参考】先々月の前年 客単価 | B35: =IFERROR(SUM(集計!$Y$3:$Y$33)/SUM(集計!$S$3:$S$33),"")
A36: データチェック | B36: =IF(設定!$B$4="","先月データ未貼付",IF(設定!$B$5="","先々月データ未貼付（先月のみで予測中）",IF(EDATE(設定!$B$5,1)<>設定!$B$4,"⚠ 先々月が先月の前月になっていません",IF(設定!$B$6="","OK（前年当月データなし：季節係数は手入力値）",IF(EDATE(設定!$B$6,12)<>設定!$B$7,"⚠ 前年当月データが当月の1年前になっていません","OK"))))) -> 先月データ未貼付
A38: 黄色セル＝入力欄（青字）。その他は自動計算です。

Sheet 先月データ
A1: ← A1セルを選択して、先月の「時間帯別売上実績表」を見出し行ごと貼り付けてください | Z1: 日タイプ(自動) | AA1: ランチ営業日(自動) | AB1: 時間帯区分(自動)
Z2: =IF(ISNUMBER(A2),IF(COUNTIF(祝日!$A:$A,A2)>0,"祝",CHOOSE(WEEKDAY(A2,2),"月","火","水","木","金","土","日")),"") | AA2: =IF(ISNUMBER(A2),IFERROR(INDEX(集計!$J$3:$J$33,MATCH(A2,集計!$B$3:$B$33,0)),0),"") | AB2: =IF(ISNUMBER(A2),IFERROR(INDEX(設定!$F$4:$F$27,MATCH(K2,設定!$E$4:$E$27,0)),""),"")
Z3: =IF(ISNUMBER(A3),IF(COUNTIF(祝日!$A:$A,A3)>0,"祝",CHOOSE(WEEKDAY(A3,2),"月","火","水","木","金","土","日")),"") | AA3: =IF(ISNUMBER(A3),IFERROR(INDEX(集計!$J$3:$J$33,MATCH(A3,集計!$B$3:$B$33,0)),0),"") | AB3: =IF(ISNUMBER(A3),IFERROR(INDEX(設定!$F$4:$F$27,MATCH(K3,設定!$E$4:$E$27,0)),""),"")
Z4: =IF(ISNUMBER(A4),IF(COUNTIF(祝日!$A:$A,A4)>0,"祝",CHOOSE(WEEKDAY(A4,2),"月","火","水","木","金","土","日")),"") | AA4: =IF(ISNUMBER(A4),IFERROR(INDEX(集計!$J$3:$J$33,MATCH(A4,集計!$B$3:$B$33,0)),0),"") | AB4: =IF(ISNUMBER(A4),IFERROR(INDEX(設定!$F$4:$F$27,MATCH(K4,設定!$E$4:$E$27,0)),""),"")
Z5: =IF(ISNUMBER(A5),IF(COUNTIF(祝日!$A:$A,A5)>0,"祝",CHOOSE(WEEKDAY(A5,2),"月","火","水","木","金","土","日")),"") | AA5: =IF(ISNUMBER(A5),IFERROR(INDEX(集計!$J$3:$J$33,MATCH(A5,集計!$B$3:$B$33,0)),0),"") | AB5: =IF(ISNUMBER(A5),IFERROR(INDEX(設定!$F$4:$F$27,MATCH(K5,設定!$E$4:$E$27,0)),""),"")
Z6: =IF(ISNUMBER(A6),IF(COUNTIF(祝日!$A:$A,A6)>0,"祝",CHOOSE(WEEKDAY(A6,2),"月","火","水","木","金","土","日")),"") | AA6: =IF(ISNUMBER(A6),IFERROR(INDEX(集計!$J$3:$J$33,MATCH(A6,集計!$B$3:$B$33,0)),0),"") | AB6: =IF(ISNUMBER(A6),IFERROR(INDEX(設定!$F$4:$F$27,MATCH(K6,設定!$E$4:$E$27,0)),""),"")
Z7: =IF(ISNUMBER(A7),IF(COUNTIF(祝日!$A:$A,A7)>0,"祝",CHOOSE(WEEKDAY(A7,2),"月","火","水","木","金","土","日")),"") | AA7: =IF(ISNUMBER(A7),IFERROR(INDEX(集計!$J$3:$J$33,MATCH(A7,集計!$B$3:$B$33,0)),0),"") | AB7: =IF(ISNUMBER(A7),IFERROR(INDEX(設定!$F$4:$F$27,MATCH(K7,設定!$E$4:$E$27,0)),""),"")
Z8: =IF(ISNUMBER(A8),IF(COUNTIF(祝日!$A:$A,A8)>0,"祝",CHOOSE(WEEKDAY(A8,2),"月","火","水","木","金","土","日")),"") | AA8: =IF(ISNUMBER(A8),IFERROR(INDEX(集計!$J$3:$J$33,MATCH(A8,集計!$B$3:$B$33,0)),0),"") | AB8: =IF(ISNUMBER(A8),IFERROR(INDEX(設定!$F$4:$F$27,MATCH(K8,設定!$E$4:$E$27,0)),""),"")
Z9: =IF(ISNUMBER(A9),IF(COUNTIF(祝日!$A:$A,A9)>0,"祝",CHOOSE(WEEKDAY(A9,2),"月","火","水","木","金","土","日")),"") | AA9: =IF(ISNUMBER(A9),IFERROR(INDEX(集計!$J$3:$J$33,MATCH(A9,集計!$B$3:$B$33,0)),0),"") | AB9: =IF(ISNUMBER(A9),IFERROR(INDEX(設定!$F$4:$F$27,MATCH(K9,設定!$E$4:$E$27,0)),""),"")
Z10: =IF(ISNUMBER(A10),IF(COUNTIF(祝日!$A:$A,A10)>0,"祝",CHOOSE(WEEKDAY(A10,2),"月","火","水","木","金","土","日")),"") | AA10: =IF(ISNUMBER(A10),IFERROR(INDEX(集計!$J$3:$J$33,MATCH(A10,集計!$B$3:$B$33,0)),0),"") | AB10: =IF(ISNUMBER(A10),IFERROR(INDEX(設定!$F$4:$F$27,MATCH(K10,設定!$E$4:$E$27,0)),""),"")
Z11: =IF(ISNUMBER(A11),IF(COUNTIF(祝日!$A:$A,A11)>0,"祝",CHOOSE(WEEKDAY(A11,2),"月","火","水","木","金","土","日")),"") | AA11: =IF(ISNUMBER(A11),IFERROR(INDEX(集計!$J$3:$J$33,MATCH(A11,集計!$B$3:$B$33,0)),0),"") | AB11: =IF(ISNUMBER(A11),IFERROR(INDEX(設定!$F$4:$F$27,MATCH(K11,設定!$E$4:$E$27,0)),""),"")
Z12: =IF(ISNUMBER(A12),IF(COUNTIF(祝日!$A:$A,A12)>0,"祝",CHOOSE(WEEKDAY(A12,2),"月","火","水","木","金","土","日")),"") | AA12: =IF(ISNUMBER(A12),IFERROR(INDEX(集計!$J$3:$J$33,MATCH(A12,集計!$B$3:$B$33,0)),0),"") | AB12: =IF(ISNUMBER(A12),IFERROR(INDEX(設定!$F$4:$F$27,MATCH(K12,設定!$E$4:$E$27,0)),""),"")
Z13: =IF(ISNUMBER(A13),IF(COUNTIF(祝日!$A:$A,A13)>0,"祝",CHOOSE(WEEKDAY(A13,2),"月","火","水","木","金","土","日")),"") | AA13: =IF(ISNUMBER(A13),IFERROR(INDEX(集計!$J$3:$J$33,MATCH(A13,集計!$B$3:$B$33,0)),0),"") | AB13: =IF(ISNUMBER(A13),IFERROR(INDEX(設定!$F$4:$F$27,MATCH(K13,設定!$E$4:$E$27,0)),""),"")
... Z800: =IF(ISNUMBER(A800),IF(COUNTIF(祝日!$A:$A,A800)>0,"祝",CHOOSE(WEEKDAY(A800,2),"月","火","水","木","金","土","日")),"") | AA800: =IF(ISNUMBER(A800),IFERROR(INDEX(集計!$J$3:$J$33,MATCH(A800,集計!$B$3:$B$33,0)),0),"") | AB800: =IF(ISNUMBER(A800),IFERROR(INDEX(設定!$F$4:$F$27,MATCH(K800,設定!$E$4:$E$27,0)),""),"")

Sheet 先々月データ
A1: ← A1セルを選択して、先々月の「時間帯別売上実績表」を見出し行ごと貼り付けてください | Z1: 日タイプ(自動) | AA1: ランチ営業日(自動) | AB1: 時間帯区分(自動)
Z2: =IF(ISNUMBER(A2),IF(COUNTIF(祝日!$A:$A,A2)>0,"祝",CHOOSE(WEEKDAY(A2,2),"月","火","水","木","金","土","日")),"") | AA2: =IF(ISNUMBER(A2),IFERROR(INDEX(集計!$V$3:$V$33,MATCH(A2,集計!$N$3:$N$33,0)),0),"") | AB2: =IF(ISNUMBER(A2),IFERROR(INDEX(設定!$F$4:$F$27,MATCH(K2,設定!$E$4:$E$27,0)),""),"")
Z3: =IF(ISNUMBER(A3),IF(COUNTIF(祝日!$A:$A,A3)>0,"祝",CHOOSE(WEEKDAY(A3,2),"月","火","水","木","金","土","日")),"") | AA3: =IF(ISNUMBER(A3),IFERROR(INDEX(集計!$V$3:$V$33,MATCH(A3,集計!$N$3:$N$33,0)),0),"") | AB3: =IF(ISNUMBER(A3),IFERROR(INDEX(設定!$F$4:$F$27,MATCH(K3,設定!$E$4:$E$27,0)),""),"")
Z4: =IF(ISNUMBER(A4),IF(COUNTIF(祝日!$A:$A,A4)>0,"祝",CHOOSE(WEEKDAY(A4,2),"月","火","水","木","金","土","日")),"") | AA4: =IF(ISNUMBER(A4),IFERROR(INDEX(集計!$V$3:$V$33,MATCH(A4,集計!$N$3:$N$33,0)),0),"") | AB4: =IF(ISNUMBER(A4),IFERROR(INDEX(設定!$F$4:$F$27,MATCH(K4,設定!$E$4:$E$27,0)),""),"")
Z5: =IF(ISNUMBER(A5),IF(COUNTIF(祝日!$A:$A,A5)>0,"祝",CHOOSE(WEEKDAY(A5,2),"月","火","水","木","金","土","日")),"") | AA5: =IF(ISNUMBER(A5),IFERROR(INDEX(集計!$V$3:$V$33,MATCH(A5,集計!$N$3:$N$33,0)),0),"") | AB5: =IF(ISNUMBER(A5),IFERROR(INDEX(設定!$F$4:$F$27,MATCH(K5,設定!$E$4:$E$27,0)),""),"")
Z6: =IF(ISNUMBER(A6),IF(COUNTIF(祝日!$A:$A,A6)>0,"祝",CHOOSE(WEEKDAY(A6,2),"月","火","水","木","金","土","日")),"") | AA6: =IF(ISNUMBER(A6),IFERROR(INDEX(集計!$V$3:$V$33,MATCH(A6,集計!$N$3:$N$33,0)),0),"") | AB6: =IF(ISNUMBER(A6),IFERROR(INDEX(設定!$F$4:$F$27,MATCH(K6,設定!$E$4:$E$27,0)),""),"")
Z7: =IF(ISNUMBER(A7),IF(COUNTIF(祝日!$A:$A,A7)>0,"祝",CHOOSE(WEEKDAY(A7,2),"月","火","水","木","金","土","日")),"") | AA7: =IF(ISNUMBER(A7),IFERROR(INDEX(集計!$V$3:$V$33,MATCH(A7,集計!$N$3:$N$33,0)),0),"") | AB7: =IF(ISNUMBER(A7),IFERROR(INDEX(設定!$F$4:$F$27,MATCH(K7,設定!$E$4:$E$27,0)),""),"")
Z8: =IF(ISNUMBER(A8),IF(COUNTIF(祝日!$A:$A,A8)>0,"祝",CHOOSE(WEEKDAY(A8,2),"月","火","水","木","金","土","日")),"") | AA8: =IF(ISNUMBER(A8),IFERROR(INDEX(集計!$V$3:$V$33,MATCH(A8,集計!$N$3:$N$33,0)),0),"") | AB8: =IF(ISNUMBER(A8),IFERROR(INDEX(設定!$F$4:$F$27,MATCH(K8,設定!$E$4:$E$27,0)),""),"")
Z9: =IF(ISNUMBER(A9),IF(COUNTIF(祝日!$A:$A,A9)>0,"祝",CHOOSE(WEEKDAY(A9,2),"月","火","水","木","金","土","日")),"") | AA9: =IF(ISNUMBER(A9),IFERROR(INDEX(集計!$V$3:$V$33,MATCH(A9,集計!$N$3:$N$33,0)),0),"") | AB9: =IF(ISNUMBER(A9),IFERROR(INDEX(設定!$F$4:$F$27,MATCH(K9,設定!$E$4:$E$27,0)),""),"")
Z10: =IF(ISNUMBER(A10),IF(COUNTIF(祝日!$A:$A,A10)>0,"祝",CHOOSE(WEEKDAY(A10,2),"月","火","水","木","金","土","日")),"") | AA10: =IF(ISNUMBER(A10),IFERROR(INDEX(集計!$V$3:$V$33,MATCH(A10,集計!$N$3:$N$33,0)),0),"") | AB10: =IF(ISNUMBER(A10),IFERROR(INDEX(設定!$F$4:$F$27,MATCH(K10,設定!$E$4:$E$27,0)),""),"")
Z11: =IF(ISNUMBER(A11),IF(COUNTIF(祝日!$A:$A,A11)>0,"祝",CHOOSE(WEEKDAY(A11,2),"月","火","水","木","金","土","日")),"") | AA11: =IF(ISNUMBER(A11),IFERROR(INDEX(集計!$V$3:$V$33,MATCH(A11,集計!$N$3:$N$33,0)),0),"") | AB11: =IF(ISNUMBER(A11),IFERROR(INDEX(設定!$F$4:$F$27,MATCH(K11,設定!$E$4:$E$27,0)),""),"")
Z12: =IF(ISNUMBER(A12),IF(COUNTIF(祝日!$A:$A,A12)>0,"祝",CHOOSE(WEEKDAY(A12,2),"月","火","水","木","金","土","日")),"") | AA12: =IF(ISNUMBER(A12),IFERROR(INDEX(集計!$V$3:$V$33,MATCH(A12,集計!$N$3:$N$33,0)),0),"") | AB12: =IF(ISNUMBER(A12),IFERROR(INDEX(設定!$F$4:$F$27,MATCH(K12,設定!$E$4:$E$27,0)),""),"")
Z13: =IF(ISNUMBER(A13),IF(COUNTIF(祝日!$A:$A,A13)>0,"祝",CHOOSE(WEEKDAY(A13,2),"月","火","水","木","金","土","日")),"") | AA13: =IF(ISNUMBER(A13),IFERROR(INDEX(集計!$V$3:$V$33,MATCH(A13,集計!$N$3:$N$33,0)),0),"") | AB13: =IF(ISNUMBER(A13),IFERROR(INDEX(設定!$F$4:$F$27,MATCH(K13,設定!$E$4:$E$27,0)),""),"")
... Z800: =IF(ISNUMBER(A800),IF(COUNTIF(祝日!$A:$A,A800)>0,"祝",CHOOSE(WEEKDAY(A800,2),"月","火","水","木","金","土","日")),"") | AA800: =IF(ISNUMBER(A800),IFERROR(INDEX(集計!$V$3:$V$33,MATCH(A800,集計!$N$3:$N$33,0)),0),"") | AB800: =IF(ISNUMBER(A800),IFERROR(INDEX(設定!$F$4:$F$27,MATCH(K800,設定!$E$4:$E$27,0)),""),"")

Sheet 前年当月データ
A1: ← A1セルを選択して、前年当月（任意）の「時間帯別売上実績表」を見出し行ごと貼り付けてください | Z1: 日タイプ(自動) | AC1: 例：当月が2026年10月なら、期間を2025/10/1〜2025/11/1で出力したものを貼り付け（「当年」列を前年データとして使います。月末の前年同曜日は翌月1日になるため1日多めに）
Z2: =IF(ISNUMBER(A2),IF(COUNTIF(祝日!$A:$A,A2)>0,"祝",CHOOSE(WEEKDAY(A2,2),"月","火","水","木","金","土","日")),"")
Z3: =IF(ISNUMBER(A3),IF(COUNTIF(祝日!$A:$A,A3)>0,"祝",CHOOSE(WEEKDAY(A3,2),"月","火","水","木","金","土","日")),"")
Z4: =IF(ISNUMBER(A4),IF(COUNTIF(祝日!$A:$A,A4)>0,"祝",CHOOSE(WEEKDAY(A4,2),"月","火","水","木","金","土","日")),"")
Z5: =IF(ISNUMBER(A5),IF(COUNTIF(祝日!$A:$A,A5)>0,"祝",CHOOSE(WEEKDAY(A5,2),"月","火","水","木","金","土","日")),"")
Z6: =IF(ISNUMBER(A6),IF(COUNTIF(祝日!$A:$A,A6)>0,"祝",CHOOSE(WEEKDAY(A6,2),"月","火","水","木","金","土","日")),"")
Z7: =IF(ISNUMBER(A7),IF(COUNTIF(祝日!$A:$A,A7)>0,"祝",CHOOSE(WEEKDAY(A7,2),"月","火","水","木","金","土","日")),"")
Z8: =IF(ISNUMBER(A8),IF(COUNTIF(祝日!$A:$A,A8)>0,"祝",CHOOSE(WEEKDAY(A8,2),"月","火","水","木","金","土","日")),"")
Z9: =IF(ISNUMBER(A9),IF(COUNTIF(祝日!$A:$A,A9)>0,"祝",CHOOSE(WEEKDAY(A9,2),"月","火","水","木","金","土","日")),"")
Z10: =IF(ISNUMBER(A10),IF(COUNTIF(祝日!$A:$A,A10)>0,"祝",CHOOSE(WEEKDAY(A10,2),"月","火","水","木","金","土","日")),"")
Z11: =IF(ISNUMBER(A11),IF(COUNTIF(祝日!$A:$A,A11)>0,"祝",CHOOSE(WEEKDAY(A11,2),"月","火","水","木","金","土","日")),"")
Z12: =IF(ISNUMBER(A12),IF(COUNTIF(祝日!$A:$A,A12)>0,"祝",CHOOSE(WEEKDAY(A12,2),"月","火","水","木","金","土","日")),"")
Z13: =IF(ISNUMBER(A13),IF(COUNTIF(祝日!$A:$A,A13)>0,"祝",CHOOSE(WEEKDAY(A13,2),"月","火","水","木","金","土","日")),"")
... Z800: =IF(ISNUMBER(A800),IF(COUNTIF(祝日!$A:$A,A800)>0,"祝",CHOOSE(WEEKDAY(A800,2),"月","火","水","木","金","土","日")),"")

Sheet 祝日
A1: 日付 | B1: 名称 | D1: 祝日扱いにしたい日（お盆・年末年始・地域イベント等）は、この表の下に日付を追加してください。前年分の祝日も前年データの判定に使います。
A2: =DATE(2025,1,1) -> 45658 | B2: 元日
A3: =DATE(2025,1,13) -> 45670 | B3: 成人の日
A4: =DATE(2025,2,11) -> 45699 | B4: 建国記念の日
A5: =DATE(2025,2,23) -> 45711 | B5: 天皇誕生日
A6: =DATE(2025,2,24) -> 45712 | B6: 振替休日
A7: =DATE(2025,3,20) -> 45736 | B7: 春分の日
A8: =DATE(2025,4,29) -> 45776 | B8: 昭和の日
A9: =DATE(2025,5,3) -> 45780 | B9: 憲法記念日
A10: =DATE(2025,5,4) -> 45781 | B10: みどりの日
A11: =DATE(2025,5,5) -> 45782 | B11: こどもの日
A12: =DATE(2025,5,6) -> 45783 | B12: 振替休日
A13: =DATE(2025,7,21) -> 45859 | B13: 海の日
A14: =DATE(2025,8,11) -> 45880 | B14: 山の日
A15: =DATE(2025,9,15) -> 45915 | B15: 敬老の日
A16: =DATE(2025,9,23) -> 45923 | B16: 秋分の日
A17: =DATE(2025,10,13) -> 45943 | B17: スポーツの日
A18: =DATE(2025,11,3) -> 45964 | B18: 文化の日
A19: =DATE(2025,11,23) -> 45984 | B19: 勤労感謝の日
A20: =DATE(2025,11,24) -> 45985 | B20: 振替休日
A21: =DATE(2026,1,1) -> 46023 | B21: 元日
A22: =DATE(2026,1,12) -> 46034 | B22: 成人の日
A23: =DATE(2026,2,11) -> 46064 | B23: 建国記念の日
A24: =DATE(2026,2,23) -> 46076 | B24: 天皇誕生日
A25: =DATE(2026,3,20) -> 46101 | B25: 春分の日
A26: =DATE(2026,4,29) -> 46141 | B26: 昭和の日
A27: =DATE(2026,5,3) -> 46145 | B27: 憲法記念日
A28: =DATE(2026,5,4) -> 46146 | B28: みどりの日
A29: =DATE(2026,5,5) -> 46147 | B29: こどもの日
A30: =DATE(2026,5,6) -> 46148 | B30: 振替休日
A31: =DATE(2026,7,20) -> 46223 | B31: 海の日
A32: =DATE(2026,8,11) -> 46245 | B32: 山の日
A33: =DATE(2026,9,21) -> 46286 | B33: 敬老の日
A34: =DATE(2026,9,22) -> 46287 | B34: 国民の休日
A35: =DATE(2026,9,23) -> 46288 | B35: 秋分の日
A36: =DATE(2026,10,12) -> 46307 | B36: スポーツの日
A37: =DATE(2026,11,3) -> 46329 | B37: 文化の日
A38: =DATE(2026,11,23) -> 46349 | B38: 勤労感謝の日
A39: =DATE(2027,1,1) -> 46388 | B39: 元日
A40: =DATE(2027,1,11) -> 46398 | B40: 成人の日
A41: =DATE(2027,2,11) -> 46429 | B41: 建国記念の日
A42: =DATE(2027,2,23) -> 46441 | B42: 天皇誕生日
A43: =DATE(2027,3,21) -> 46467 | B43: 春分の日
A44: =DATE(2027,3,22) -> 46468 | B44: 振替休日
A45: =DATE(2027,4,29) -> 46506 | B45: 昭和の日
A46: =DATE(2027,5,3) -> 46510 | B46: 憲法記念日
A47: =DATE(2027,5,4) -> 46511 | B47: みどりの日
A48: =DATE(2027,5,5) -> 46512 | B48: こどもの日
A49: =DATE(2027,7,19) -> 46587 | B49: 海の日
A50: =DATE(2027,8,11) -> 46610 | B50: 山の日
A51: =DATE(2027,9,20) -> 46650 | B51: 敬老の日
A52: =DATE(2027,9,23) -> 46653 | B52: 秋分の日
A53: =DATE(2027,10,11) -> 46671 | B53: スポーツの日
A54: =DATE(2027,11,3) -> 46694 | B54: 文化の日
A55: =DATE(2027,11,23) -> 46714 | B55: 勤労感謝の日

Sheet 集計
A1: 集計（自動計算・編集不要）
A2: 日 | B2: 先月 日付 | C2: タイプ | D2: 曜日 | E2: 客数 | F2: 売上 | G2: 前年客数 | H2: ランチ客数 | I2: ディナー客数 | J2: ランチ営業 | K2: 前年ディナー | L2: 前年日=祝 | M2: 前年売上 | N2: 先々月 日付 | O2: タイプ | P2: 曜日 | Q2: 客数 | R2: 売上 | S2: 前年客数 | T2: ランチ客数 | U2: ディナー客数 | V2: ランチ営業 | W2: 前年ディナー | X2: 前年日=祝 | Y2: 前年売上 | Z2: 前年当月 日付 | AA2: タイプ | AB2: 客数 | AC2: ランチ客数 | AD2: ディナー客数 | AE2: 売上
A3: 1 | B3: =IF(設定!$B$4="","",IF($A3<=DAY(EOMONTH(設定!$B$4,0)),設定!$B$4+$A3-1,"")) | C3: =IF(B3="","",IF(COUNTIF(祝日!$A:$A,B3)>0,"祝",CHOOSE(WEEKDAY(B3,2),"月","火","水","木","金","土","日"))) | D3: =IF(B3="","",CHOOSE(WEEKDAY(B3,2),"月","火","水","木","金","土","日")) | E3: =IF(B3="","",SUMIFS(先月データ!$Q:$Q,先月データ!$A:$A,B3)) | F3: =IF(B3="","",SUMIFS(先月データ!$L:$L,先月データ!$A:$A,B3)) | G3: =IF(B3="","",SUMIFS(先月データ!$R:$R,先月データ!$A:$A,B3)) | H3: =IF(B3="","",SUMIFS(先月データ!$Q:$Q,先月データ!$A:$A,B3,先月データ!$K:$K,">=6",先月データ!$K:$K,"<"&設定!$B$10)) | I3: =IF(B3="","",E3-H3) | J3: =IF(B3="","",IF(H3>=設定!$B$13,1,0)) | K3: =IF(B3="","",G3-SUMIFS(先月データ!$R:$R,先月データ!$A:$A,B3,先月データ!$K:$K,">=6",先月データ!$K:$K,"<"&設定!$B$10)) | L3: =IF(B3="","",IF(COUNTIF(祝日!$A:$A,B3-364)>0,1,0)) | M3: =IF(B3="","",SUMIFS(先月データ!$M:$M,先月データ!$A:$A,B3)) | N3: =IF(設定!$B$5="","",IF($A3<=DAY(EOMONTH(設定!$B$5,0)),設定!$B$5+$A3-1,"")) | O3: =IF(N3="","",IF(COUNTIF(祝日!$A:$A,N3)>0,"祝",CHOOSE(WEEKDAY(N3,2),"月","火","水","木","金","土","日"))) | P3: =IF(N3="","",CHOOSE(WEEKDAY(N3,2),"月","火","水","木","金","土","日")) | Q3: =IF(N3="","",SUMIFS(先々月データ!$Q:$Q,先々月データ!$A:$A,N3)) | R3: =IF(N3="","",SUMIFS(先々月データ!$L:$L,先々月データ!$A:$A,N3)) | S3: =IF(N3="","",SUMIFS(先々月データ!$R:$R,先々月データ!$A:$A,N3)) | T3: =IF(N3="","",SUMIFS(先々月データ!$Q:$Q,先々月データ!$A:$A,N3,先々月データ!$K:$K,">=6",先々月データ!$K:$K,"<"&設定!$B$10)) | U3: =IF(N3="","",Q3-T3) | V3: =IF(N3="","",IF(T3>=設定!$B$13,1,0)) | W3: =IF(N3="","",S3-SUMIFS(先々月データ!$R:$R,先々月データ!$A:$A,N3,先々月データ!$K:$K,">=6",先々月データ!$K:$K,"<"&設定!$B$10)) | X3: =IF(N3="","",IF(COUNTIF(祝日!$A:$A,N3-364)>0,1,0)) | Y3: =IF(N3="","",SUMIFS(先々月データ!$M:$M,先々月データ!$A:$A,N3)) | Z3: =IF(設定!$B$6="","",IF($A3<=DAY(EOMONTH(設定!$B$6,0)),設定!$B$6+$A3-1,"")) | AA3: =IF(Z3="","",IF(COUNTIF(祝日!$A:$A,Z3)>0,"祝",CHOOSE(WEEKDAY(Z3,2),"月","火","水","木","金","土","日"))) | AB3: =IF(Z3="","",SUMIFS(前年当月データ!$Q:$Q,前年当月データ!$A:$A,Z3)) | AC3: =IF(Z3="","",SUMIFS(前年当月データ!$Q:$Q,前年当月データ!$A:$A,Z3,前年当月データ!$K:$K,">=6",前年当月データ!$K:$K,"<"&設定!$B$10)) | AD3: =IF(Z3="","",AB3-AC3) | AE3: =IF(Z3="","",SUMIFS(前年当月データ!$L:$L,前年当月データ!$A:$A,Z3))
A4: 2 | B4: =IF(設定!$B$4="","",IF($A4<=DAY(EOMONTH(設定!$B$4,0)),設定!$B$4+$A4-1,"")) | C4: =IF(B4="","",IF(COUNTIF(祝日!$A:$A,B4)>0,"祝",CHOOSE(WEEKDAY(B4,2),"月","火","水","木","金","土","日"))) | D4: =IF(B4="","",CHOOSE(WEEKDAY(B4,2),"月","火","水","木","金","土","日")) | E4: =IF(B4="","",SUMIFS(先月データ!$Q:$Q,先月データ!$A:$A,B4)) | F4: =IF(B4="","",SUMIFS(先月データ!$L:$L,先月データ!$A:$A,B4)) | G4: =IF(B4="","",SUMIFS(先月データ!$R:$R,先月データ!$A:$A,B4)) | H4: =IF(B4="","",SUMIFS(先月データ!$Q:$Q,先月データ!$A:$A,B4,先月データ!$K:$K,">=6",先月データ!$K:$K,"<"&設定!$B$10)) | I4: =IF(B4="","",E4-H4) | J4: =IF(B4="","",IF(H4>=設定!$B$13,1,0)) | K4: =IF(B4="","",G4-SUMIFS(先月データ!$R:$R,先月データ!$A:$A,B4,先月データ!$K:$K,">=6",先月データ!$K:$K,"<"&設定!$B$10)) | L4: =IF(B4="","",IF(COUNTIF(祝日!$A:$A,B4-364)>0,1,0)) | M4: =IF(B4="","",SUMIFS(先月データ!$M:$M,先月データ!$A:$A,B4)) | N4: =IF(設定!$B$5="","",IF($A4<=DAY(EOMONTH(設定!$B$5,0)),設定!$B$5+$A4-1,"")) | O4: =IF(N4="","",IF(COUNTIF(祝日!$A:$A,N4)>0,"祝",CHOOSE(WEEKDAY(N4,2),"月","火","水","木","金","土","日"))) | P4: =IF(N4="","",CHOOSE(WEEKDAY(N4,2),"月","火","水","木","金","土","日")) | Q4: =IF(N4="","",SUMIFS(先々月データ!$Q:$Q,先々月データ!$A:$A,N4)) | R4: =IF(N4="","",SUMIFS(先々月データ!$L:$L,先々月データ!$A:$A,N4)) | S4: =IF(N4="","",SUMIFS(先々月データ!$R:$R,先々月データ!$A:$A,N4)) | T4: =IF(N4="","",SUMIFS(先々月データ!$Q:$Q,先々月データ!$A:$A,N4,先々月データ!$K:$K,">=6",先々月データ!$K:$K,"<"&設定!$B$10)) | U4: =IF(N4="","",Q4-T4) | V4: =IF(N4="","",IF(T4>=設定!$B$13,1,0)) | W4: =IF(N4="","",S4-SUMIFS(先々月データ!$R:$R,先々月データ!$A:$A,N4,先々月データ!$K:$K,">=6",先々月データ!$K:$K,"<"&設定!$B$10)) | X4: =IF(N4="","",IF(COUNTIF(祝日!$A:$A,N4-364)>0,1,0)) | Y4: =IF(N4="","",SUMIFS(先々月データ!$M:$M,先々月データ!$A:$A,N4)) | Z4: =IF(設定!$B$6="","",IF($A4<=DAY(EOMONTH(設定!$B$6,0)),設定!$B$6+$A4-1,"")) | AA4: =IF(Z4="","",IF(COUNTIF(祝日!$A:$A,Z4)>0,"祝",CHOOSE(WEEKDAY(Z4,2),"月","火","水","木","金","土","日"))) | AB4: =IF(Z4="","",SUMIFS(前年当月データ!$Q:$Q,前年当月データ!$A:$A,Z4)) | AC4: =IF(Z4="","",SUMIFS(前年当月データ!$Q:$Q,前年当月データ!$A:$A,Z4,前年当月データ!$K:$K,">=6",前年当月データ!$K:$K,"<"&設定!$B$10)) | AD4: =IF(Z4="","",AB4-AC4) | AE4: =IF(Z4="","",SUMIFS(前年当月データ!$L:$L,前年当月データ!$A:$A,Z4))
A5: 3 | B5: =IF(設定!$B$4="","",IF($A5<=DAY(EOMONTH(設定!$B$4,0)),設定!$B$4+$A5-1,"")) | C5: =IF(B5="","",IF(COUNTIF(祝日!$A:$A,B5)>0,"祝",CHOOSE(WEEKDAY(B5,2),"月","火","水","木","金","土","日"))) | D5: =IF(B5="","",CHOOSE(WEEKDAY(B5,2),"月","火","水","木","金","土","日")) | E5: =IF(B5="","",SUMIFS(先月データ!$Q:$Q,先月データ!$A:$A,B5)) | F5: =IF(B5="","",SUMIFS(先月データ!$L:$L,先月データ!$A:$A,B5)) | G5: =IF(B5="","",SUMIFS(先月データ!$R:$R,先月データ!$A:$A,B5)) | H5: =IF(B5="","",SUMIFS(先月データ!$Q:$Q,先月データ!$A:$A,B5,先月データ!$K:$K,">=6",先月データ!$K:$K,"<"&設定!$B$10)) | I5: =IF(B5="","",E5-H5) | J5: =IF(B5="","",IF(H5>=設定!$B$13,1,0)) | K5: =IF(B5="","",G5-SUMIFS(先月データ!$R:$R,先月データ!$A:$A,B5,先月データ!$K:$K,">=6",先月データ!$K:$K,"<"&設定!$B$10)) | L5: =IF(B5="","",IF(COUNTIF(祝日!$A:$A,B5-364)>0,1,0)) | M5: =IF(B5="","",SUMIFS(先月データ!$M:$M,先月データ!$A:$A,B5)) | N5: =IF(設定!$B$5="","",IF($A5<=DAY(EOMONTH(設定!$B$5,0)),設定!$B$5+$A5-1,"")) | O5: =IF(N5="","",IF(COUNTIF(祝日!$A:$A,N5)>0,"祝",CHOOSE(WEEKDAY(N5,2),"月","火","水","木","金","土","日"))) | P5: =IF(N5="","",CHOOSE(WEEKDAY(N5,2),"月","火","水","木","金","土","日")) | Q5: =IF(N5="","",SUMIFS(先々月データ!$Q:$Q,先々月データ!$A:$A,N5)) | R5: =IF(N5="","",SUMIFS(先々月データ!$L:$L,先々月データ!$A:$A,N5)) | S5: =IF(N5="","",SUMIFS(先々月データ!$R:$R,先々月データ!$A:$A,N5)) | T5: =IF(N5="","",SUMIFS(先々月データ!$Q:$Q,先々月データ!$A:$A,N5,先々月データ!$K:$K,">=6",先々月データ!$K:$K,"<"&設定!$B$10)) | U5: =IF(N5="","",Q5-T5) | V5: =IF(N5="","",IF(T5>=設定!$B$13,1,0)) | W5: =IF(N5="","",S5-SUMIFS(先々月データ!$R:$R,先々月データ!$A:$A,N5,先々月データ!$K:$K,">=6",先々月データ!$K:$K,"<"&設定!$B$10)) | X5: =IF(N5="","",IF(COUNTIF(祝日!$A:$A,N5-364)>0,1,0)) | Y5: =IF(N5="","",SUMIFS(先々月データ!$M:$M,先々月データ!$A:$A,N5)) | Z5: =IF(設定!$B$6="","",IF($A5<=DAY(EOMONTH(設定!$B$6,0)),設定!$B$6+$A5-1,"")) | AA5: =IF(Z5="","",IF(COUNTIF(祝日!$A:$A,Z5)>0,"祝",CHOOSE(WEEKDAY(Z5,2),"月","火","水","木","金","土","日"))) | AB5: =IF(Z5="","",SUMIFS(前年当月データ!$Q:$Q,前年当月データ!$A:$A,Z5)) | AC5: =IF(Z5="","",SUMIFS(前年当月データ!$Q:$Q,前年当月データ!$A:$A,Z5,前年当月データ!$K:$K,">=6",前年当月データ!$K:$K,"<"&設定!$B$10)) | AD5: =IF(Z5="","",AB5-AC5) | AE5: =IF(Z5="","",SUMIFS(前年当月データ!$L:$L,前年当月データ!$A:$A,Z5))
A6: 4 | B6: =IF(設定!$B$4="","",IF($A6<=DAY(EOMONTH(設定!$B$4,0)),設定!$B$4+$A6-1,"")) | C6: =IF(B6="","",IF(COUNTIF(祝日!$A:$A,B6)>0,"祝",CHOOSE(WEEKDAY(B6,2),"月","火","水","木","金","土","日"))) | D6: =IF(B6="","",CHOOSE(WEEKDAY(B6,2),"月","火","水","木","金","土","日")) | E6: =IF(B6="","",SUMIFS(先月データ!$Q:$Q,先月データ!$A:$A,B6)) | F6: =IF(B6="","",SUMIFS(先月データ!$L:$L,先月データ!$A:$A,B6)) | G6: =IF(B6="","",SUMIFS(先月データ!$R:$R,先月データ!$A:$A,B6)) | H6: =IF(B6="","",SUMIFS(先月データ!$Q:$Q,先月データ!$A:$A,B6,先月データ!$K:$K,">=6",先月データ!$K:$K,"<"&設定!$B$10)) | I6: =IF(B6="","",E6-H6) | J6: =IF(B6="","",IF(H6>=設定!$B$13,1,0)) | K6: =IF(B6="","",G6-SUMIFS(先月データ!$R:$R,先月データ!$A:$A,B6,先月データ!$K:$K,">=6",先月データ!$K:$K,"<"&設定!$B$10)) | L6: =IF(B6="","",IF(COUNTIF(祝日!$A:$A,B6-364)>0,1,0)) | M6: =IF(B6="","",SUMIFS(先月データ!$M:$M,先月データ!$A:$A,B6)) | N6: =IF(設定!$B$5="","",IF($A6<=DAY(EOMONTH(設定!$B$5,0)),設定!$B$5+$A6-1,"")) | O6: =IF(N6="","",IF(COUNTIF(祝日!$A:$A,N6)>0,"祝",CHOOSE(WEEKDAY(N6,2),"月","火","水","木","金","土","日"))) | P6: =IF(N6="","",CHOOSE(WEEKDAY(N6,2),"月","火","水","木","金","土","日")) | Q6: =IF(N6="","",SUMIFS(先々月データ!$Q:$Q,先々月データ!$A:$A,N6)) | R6: =IF(N6="","",SUMIFS(先々月データ!$L:$L,先々月データ!$A:$A,N6)) | S6: =IF(N6="","",SUMIFS(先々月データ!$R:$R,先々月データ!$A:$A,N6)) | T6: =IF(N6="","",SUMIFS(先々月データ!$Q:$Q,先々月データ!$A:$A,N6,先々月データ!$K:$K,">=6",先々月データ!$K:$K,"<"&設定!$B$10)) | U6: =IF(N6="","",Q6-T6) | V6: =IF(N6="","",IF(T6>=設定!$B$13,1,0)) | W6: =IF(N6="","",S6-SUMIFS(先々月データ!$R:$R,先々月データ!$A:$A,N6,先々月データ!$K:$K,">=6",先々月データ!$K:$K,"<"&設定!$B$10)) | X6: =IF(N6="","",IF(COUNTIF(祝日!$A:$A,N6-364)>0,1,0)) | Y6: =IF(N6="","",SUMIFS(先々月データ!$M:$M,先々月データ!$A:$A,N6)) | Z6: =IF(設定!$B$6="","",IF($A6<=DAY(EOMONTH(設定!$B$6,0)),設定!$B$6+$A6-1,"")) | AA6: =IF(Z6="","",IF(COUNTIF(祝日!$A:$A,Z6)>0,"祝",CHOOSE(WEEKDAY(Z6,2),"月","火","水","木","金","土","日"))) | AB6: =IF(Z6="","",SUMIFS(前年当月データ!$Q:$Q,前年当月データ!$A:$A,Z6)) | AC6: =IF(Z6="","",SUMIFS(前年当月データ!$Q:$Q,前年当月データ!$A:$A,Z6,前年当月データ!$K:$K,">=6",前年当月データ!$K:$K,"<"&設定!$B$10)) | AD6: =IF(Z6="","",AB6-AC6) | AE6: =IF(Z6="","",SUMIFS(前年当月データ!$L:$L,前年当月データ!$A:$A,Z6))
A7: 5 | B7: =IF(設定!$B$4="","",IF($A7<=DAY(EOMONTH(設定!$B$4,0)),設定!$B$4+$A7-1,"")) | C7: =IF(B7="","",IF(COUNTIF(祝日!$A:$A,B7)>0,"祝",CHOOSE(WEEKDAY(B7,2),"月","火","水","木","金","土","日"))) | D7: =IF(B7="","",CHOOSE(WEEKDAY(B7,2),"月","火","水","木","金","土","日")) | E7: =IF(B7="","",SUMIFS(先月データ!$Q:$Q,先月データ!$A:$A,B7)) | F7: =IF(B7="","",SUMIFS(先月データ!$L:$L,先月データ!$A:$A,B7)) | G7: =IF(B7="","",SUMIFS(先月データ!$R:$R,先月データ!$A:$A,B7)) | H7: =IF(B7="","",SUMIFS(先月データ!$Q:$Q,先月データ!$A:$A,B7,先月データ!$K:$K,">=6",先月データ!$K:$K,"<"&設定!$B$10)) | I7: =IF(B7="","",E7-H7) | J7: =IF(B7="","",IF(H7>=設定!$B$13,1,0)) | K7: =IF(B7="","",G7-SUMIFS(先月データ!$R:$R,先月データ!$A:$A,B7,先月データ!$K:$K,">=6",先月データ!$K:$K,"<"&設定!$B$10)) | L7: =IF(B7="","",IF(COUNTIF(祝日!$A:$A,B7-364)>0,1,0)) | M7: =IF(B7="","",SUMIFS(先月データ!$M:$M,先月データ!$A:$A,B7)) | N7: =IF(設定!$B$5="","",IF($A7<=DAY(EOMONTH(設定!$B$5,0)),設定!$B$5+$A7-1,"")) | O7: =IF(N7="","",IF(COUNTIF(祝日!$A:$A,N7)>0,"祝",CHOOSE(WEEKDAY(N7,2),"月","火","水","木","金","土","日"))) | P7: =IF(N7="","",CHOOSE(WEEKDAY(N7,2),"月","火","水","木","金","土","日")) | Q7: =IF(N7="","",SUMIFS(先々月データ!$Q:$Q,先々月データ!$A:$A,N7)) | R7: =IF(N7="","",SUMIFS(先々月データ!$L:$L,先々月データ!$A:$A,N7)) | S7: =IF(N7="","",SUMIFS(先々月データ!$R:$R,先々月データ!$A:$A,N7)) | T7: =IF(N7="","",SUMIFS(先々月データ!$Q:$Q,先々月データ!$A:$A,N7,先々月データ!$K:$K,">=6",先々月データ!$K:$K,"<"&設定!$B$10)) | U7: =IF(N7="","",Q7-T7) | V7: =IF(N7="","",IF(T7>=設定!$B$13,1,0)) | W7: =IF(N7="","",S7-SUMIFS(先々月データ!$R:$R,先々月データ!$A:$A,N7,先々月データ!$K:$K,">=6",先々月データ!$K:$K,"<"&設定!$B$10)) | X7: =IF(N7="","",IF(COUNTIF(祝日!$A:$A,N7-364)>0,1,0)) | Y7: =IF(N7="","",SUMIFS(先々月データ!$M:$M,先々月データ!$A:$A,N7)) | Z7: =IF(設定!$B$6="","",IF($A7<=DAY(EOMONTH(設定!$B$6,0)),設定!$B$6+$A7-1,"")) | AA7: =IF(Z7="","",IF(COUNTIF(祝日!$A:$A,Z7)>0,"祝",CHOOSE(WEEKDAY(Z7,2),"月","火","水","木","金","土","日"))) | AB7: =IF(Z7="","",SUMIFS(前年当月データ!$Q:$Q,前年当月データ!$A:$A,Z7)) | AC7: =IF(Z7="","",SUMIFS(前年当月データ!$Q:$Q,前年当月データ!$A:$A,Z7,前年当月データ!$K:$K,">=6",前年当月データ!$K:$K,"<"&設定!$B$10)) | AD7: =IF(Z7="","",AB7-AC7) | AE7: =IF(Z7="","",SUMIFS(前年当月データ!$L:$L,前年当月データ!$A:$A,Z7))
A8: 6 | B8: =IF(設定!$B$4="","",IF($A8<=DAY(EOMONTH(設定!$B$4,0)),設定!$B$4+$A8-1,"")) | C8: =IF(B8="","",IF(COUNTIF(祝日!$A:$A,B8)>0,"祝",CHOOSE(WEEKDAY(B8,2),"月","火","水","木","金","土","日"))) | D8: =IF(B8="","",CHOOSE(WEEKDAY(B8,2),"月","火","水","木","金","土","日")) | E8: =IF(B8="","",SUMIFS(先月データ!$Q:$Q,先月データ!$A:$A,B8)) | F8: =IF(B8="","",SUMIFS(先月データ!$L:$L,先月データ!$A:$A,B8)) | G8: =IF(B8="","",SUMIFS(先月データ!$R:$R,先月データ!$A:$A,B8)) | H8: =IF(B8="","",SUMIFS(先月データ!$Q:$Q,先月データ!$A:$A,B8,先月データ!$K:$K,">=6",先月データ!$K:$K,"<"&設定!$B$10)) | I8: =IF(B8="","",E8-H8) | J8: =IF(B8="","",IF(H8>=設定!$B$13,1,0)) | K8: =IF(B8="","",G8-SUMIFS(先月データ!$R:$R,先月データ!$A:$A,B8,先月データ!$K:$K,">=6",先月データ!$K:$K,"<"&設定!$B$10)) | L8: =IF(B8="","",IF(COUNTIF(祝日!$A:$A,B8-364)>0,1,0)) | M8: =IF(B8="","",SUMIFS(先月データ!$M:$M,先月データ!$A:$A,B8)) | N8: =IF(設定!$B$5="","",IF($A8<=DAY(EOMONTH(設定!$B$5,0)),設定!$B$5+$A8-1,"")) | O8: =IF(N8="","",IF(COUNTIF(祝日!$A:$A,N8)>0,"祝",CHOOSE(WEEKDAY(N8,2),"月","火","水","木","金","土","日"))) | P8: =IF(N8="","",CHOOSE(WEEKDAY(N8,2),"月","火","水","木","金","土","日")) | Q8: =IF(N8="","",SUMIFS(先々月データ!$Q:$Q,先々月データ!$A:$A,N8)) | R8: =IF(N8="","",SUMIFS(先々月データ!$L:$L,先々月データ!$A:$A,N8)) | S8: =IF(N8="","",SUMIFS(先々月データ!$R:$R,先々月データ!$A:$A,N8)) | T8: =IF(N8="","",SUMIFS(先々月データ!$Q:$Q,先々月データ!$A:$A,N8,先々月データ!$K:$K,">=6",先々月データ!$K:$K,"<"&設定!$B$10)) | U8: =IF(N8="","",Q8-T8) | V8: =IF(N8="","",IF(T8>=設定!$B$13,1,0)) | W8: =IF(N8="","",S8-SUMIFS(先々月データ!$R:$R,先々月データ!$A:$A,N8,先々月データ!$K:$K,">=6",先々月データ!$K:$K,"<"&設定!$B$10)) | X8: =IF(N8="","",IF(COUNTIF(祝日!$A:$A,N8-364)>0,1,0)) | Y8: =IF(N8="","",SUMIFS(先々月データ!$M:$M,先々月データ!$A:$A,N8)) | Z8: =IF(設定!$B$6="","",IF($A8<=DAY(EOMONTH(設定!$B$6,0)),設定!$B$6+$A8-1,"")) | AA8: =IF(Z8="","",IF(COUNTIF(祝日!$A:$A,Z8)>0,"祝",CHOOSE(WEEKDAY(Z8,2),"月","火","水","木","金","土","日"))) | AB8: =IF(Z8="","",SUMIFS(前年当月データ!$Q:$Q,前年当月データ!$A:$A,Z8)) | AC8: =IF(Z8="","",SUMIFS(前年当月データ!$Q:$Q,前年当月データ!$A:$A,Z8,前年当月データ!$K:$K,">=6",前年当月データ!$K:$K,"<"&設定!$B$10)) | AD8: =IF(Z8="","",AB8-AC8) | AE8: =IF(Z8="","",SUMIFS(前年当月データ!$L:$L,前年当月データ!$A:$A,Z8))
A9: 7 | B9: =IF(設定!$B$4="","",IF($A9<=DAY(EOMONTH(設定!$B$4,0)),設定!$B$4+$A9-1,"")) | C9: =IF(B9="","",IF(COUNTIF(祝日!$A:$A,B9)>0,"祝",CHOOSE(WEEKDAY(B9,2),"月","火","水","木","金","土","日"))) | D9: =IF(B9="","",CHOOSE(WEEKDAY(B9,2),"月","火","水","木","金","土","日")) | E9: =IF(B9="","",SUMIFS(先月データ!$Q:$Q,先月データ!$A:$A,B9)) | F9: =IF(B9="","",SUMIFS(先月データ!$L:$L,先月データ!$A:$A,B9)) | G9: =IF(B9="","",SUMIFS(先月データ!$R:$R,先月データ!$A:$A,B9)) | H9: =IF(B9="","",SUMIFS(先月データ!$Q:$Q,先月データ!$A:$A,B9,先月データ!$K:$K,">=6",先月データ!$K:$K,"<"&設定!$B$10)) | I9: =IF(B9="","",E9-H9) | J9: =IF(B9="","",IF(H9>=設定!$B$13,1,0)) | K9: =IF(B9="","",G9-SUMIFS(先月データ!$R:$R,先月データ!$A:$A,B9,先月データ!$K:$K,">=6",先月データ!$K:$K,"<"&設定!$B$10)) | L9: =IF(B9="","",IF(COUNTIF(祝日!$A:$A,B9-364)>0,1,0)) | M9: =IF(B9="","",SUMIFS(先月データ!$M:$M,先月データ!$A:$A,B9)) | N9: =IF(設定!$B$5="","",IF($A9<=DAY(EOMONTH(設定!$B$5,0)),設定!$B$5+$A9-1,"")) | O9: =IF(N9="","",IF(COUNTIF(祝日!$A:$A,N9)>0,"祝",CHOOSE(WEEKDAY(N9,2),"月","火","水","木","金","土","日"))) | P9: =IF(N9="","",CHOOSE(WEEKDAY(N9,2),"月","火","水","木","金","土","日")) | Q9: =IF(N9="","",SUMIFS(先々月データ!$Q:$Q,先々月データ!$A:$A,N9)) | R9: =IF(N9="","",SUMIFS(先々月データ!$L:$L,先々月データ!$A:$A,N9)) | S9: =IF(N9="","",SUMIFS(先々月データ!$R:$R,先々月データ!$A:$A,N9)) | T9: =IF(N9="","",SUMIFS(先々月データ!$Q:$Q,先々月データ!$A:$A,N9,先々月データ!$K:$K,">=6",先々月データ!$K:$K,"<"&設定!$B$10)) | U9: =IF(N9="","",Q9-T9) | V9: =IF(N9="","",IF(T9>=設定!$B$13,1,0)) | W9: =IF(N9="","",S9-SUMIFS(先々月データ!$R:$R,先々月データ!$A:$A,N9,先々月データ!$K:$K,">=6",先々月データ!$K:$K,"<"&設定!$B$10)) | X9: =IF(N9="","",IF(COUNTIF(祝日!$A:$A,N9-364)>0,1,0)) | Y9: =IF(N9="","",SUMIFS(先々月データ!$M:$M,先々月データ!$A:$A,N9)) | Z9: =IF(設定!$B$6="","",IF($A9<=DAY(EOMONTH(設定!$B$6,0)),設定!$B$6+$A9-1,"")) | AA9: =IF(Z9="","",IF(COUNTIF(祝日!$A:$A,Z9)>0,"祝",CHOOSE(WEEKDAY(Z9,2),"月","火","水","木","金","土","日"))) | AB9: =IF(Z9="","",SUMIFS(前年当月データ!$Q:$Q,前年当月データ!$A:$A,Z9)) | AC9: =IF(Z9="","",SUMIFS(前年当月データ!$Q:$Q,前年当月データ!$A:$A,Z9,前年当月データ!$K:$K,">=6",前年当月データ!$K:$K,"<"&設定!$B$10)) | AD9: =IF(Z9="","",AB9-AC9) | AE9: =IF(Z9="","",SUMIFS(前年当月データ!$L:$L,前年当月データ!$A:$A,Z9))
A10: 8 | B10: =IF(設定!$B$4="","",IF($A10<=DAY(EOMONTH(設定!$B$4,0)),設定!$B$4+$A10-1,"")) | C10: =IF(B10="","",IF(COUNTIF(祝日!$A:$A,B10)>0,"祝",CHOOSE(WEEKDAY(B10,2),"月","火","水","木","金","土","日"))) | D10: =IF(B10="","",CHOOSE(WEEKDAY(B10,2),"月","火","水","木","金","土","日")) | E10: =IF(B10="","",SUMIFS(先月データ!$Q:$Q,先月データ!$A:$A,B10)) | F10: =IF(B10="","",SUMIFS(先月データ!$L:$L,先月データ!$A:$A,B10)) | G10: =IF(B10="","",SUMIFS(先月データ!$R:$R,先月データ!$A:$A,B10)) | H10: =IF(B10="","",SUMIFS(先月データ!$Q:$Q,先月データ!$A:$A,B10,先月データ!$K:$K,">=6",先月データ!$K:$K,"<"&設定!$B$10)) | I10: =IF(B10="","",E10-H10) | J10: =IF(B10="","",IF(H10>=設定!$B$13,1,0)) | K10: =IF(B10="","",G10-SUMIFS(先月データ!$R:$R,先月データ!$A:$A,B10,先月データ!$K:$K,">=6",先月データ!$K:$K,"<"&設定!$B$10)) | L10: =IF(B10="","",IF(COUNTIF(祝日!$A:$A,B10-364)>0,1,0)) | M10: =IF(B10="","",SUMIFS(先月データ!$M:$M,先月データ!$A:$A,B10)) | N10: =IF(設定!$B$5="","",IF($A10<=DAY(EOMONTH(設定!$B$5,0)),設定!$B$5+$A10-1,"")) | O10: =IF(N10="","",IF(COUNTIF(祝日!$A:$A,N10)>0,"祝",CHOOSE(WEEKDAY(N10,2),"月","火","水","木","金","土","日"))) | P10: =IF(N10="","",CHOOSE(WEEKDAY(N10,2),"月","火","水","木","金","土","日")) | Q10: =IF(N10="","",SUMIFS(先々月データ!$Q:$Q,先々月データ!$A:$A,N10)) | R10: =IF(N10="","",SUMIFS(先々月データ!$L:$L,先々月データ!$A:$A,N10)) | S10: =IF(N10="","",SUMIFS(先々月データ!$R:$R,先々月データ!$A:$A,N10)) | T10: =IF(N10="","",SUMIFS(先々月データ!$Q:$Q,先々月データ!$A:$A,N10,先々月データ!$K:$K,">=6",先々月データ!$K:$K,"<"&設定!$B$10)) | U10: =IF(N10="","",Q10-T10) | V10: =IF(N10="","",IF(T10>=設定!$B$13,1,0)) | W10: =IF(N10="","",S10-SUMIFS(先々月データ!$R:$R,先々月データ!$A:$A,N10,先々月データ!$K:$K,">=6",先々月データ!$K:$K,"<"&設定!$B$10)) | X10: =IF(N10="","",IF(COUNTIF(祝日!$A:$A,N10-364)>0,1,0)) | Y10: =IF(N10="","",SUMIFS(先々月データ!$M:$M,先々月データ!$A:$A,N10)) | Z10: =IF(設定!$B$6="","",IF($A10<=DAY(EOMONTH(設定!$B$6,0)),設定!$B$6+$A10-1,"")) | AA10: =IF(Z10="","",IF(COUNTIF(祝日!$A:$A,Z10)>0,"祝",CHOOSE(WEEKDAY(Z10,2),"月","火","水","木","金","土","日"))) | AB10: =IF(Z10="","",SUMIFS(前年当月データ!$Q:$Q,前年当月データ!$A:$A,Z10)) | AC10: =IF(Z10="","",SUMIFS(前年当月データ!$Q:$Q,前年当月データ!$A:$A,Z10,前年当月データ!$K:$K,">=6",前年当月データ!$K:$K,"<"&設定!$B$10)) | AD10: =IF(Z10="","",AB10-AC10) | AE10: =IF(Z10="","",SUMIFS(前年当月データ!$L:$L,前年当月データ!$A:$A,Z10))
A11: 9 | B11: =IF(設定!$B$4="","",IF($A11<=DAY(EOMONTH(設定!$B$4,0)),設定!$B$4+$A11-1,"")) | C11: =IF(B11="","",IF(COUNTIF(祝日!$A:$A,B11)>0,"祝",CHOOSE(WEEKDAY(B11,2),"月","火","水","木","金","土","日"))) | D11: =IF(B11="","",CHOOSE(WEEKDAY(B11,2),"月","火","水","木","金","土","日")) | E11: =IF(B11="","",SUMIFS(先月データ!$Q:$Q,先月データ!$A:$A,B11)) | F11: =IF(B11="","",SUMIFS(先月データ!$L:$L,先月データ!$A:$A,B11)) | G11: =IF(B11="","",SUMIFS(先月データ!$R:$R,先月データ!$A:$A,B11)) | H11: =IF(B11="","",SUMIFS(先月データ!$Q:$Q,先月データ!$A:$A,B11,先月データ!$K:$K,">=6",先月データ!$K:$K,"<"&設定!$B$10)) | I11: =IF(B11="","",E11-H11) | J11: =IF(B11="","",IF(H11>=設定!$B$13,1,0)) | K11: =IF(B11="","",G11-SUMIFS(先月データ!$R:$R,先月データ!$A:$A,B11,先月データ!$K:$K,">=6",先月データ!$K:$K,"<"&設定!$B$10)) | L11: =IF(B11="","",IF(COUNTIF(祝日!$A:$A,B11-364)>0,1,0)) | M11: =IF(B11="","",SUMIFS(先月データ!$M:$M,先月データ!$A:$A,B11)) | N11: =IF(設定!$B$5="","",IF($A11<=DAY(EOMONTH(設定!$B$5,0)),設定!$B$5+$A11-1,"")) | O11: =IF(N11="","",IF(COUNTIF(祝日!$A:$A,N11)>0,"祝",CHOOSE(WEEKDAY(N11,2),"月","火","水","木","金","土","日"))) | P11: =IF(N11="","",CHOOSE(WEEKDAY(N11,2),"月","火","水","木","金","土","日")) | Q11: =IF(N11="","",SUMIFS(先々月データ!$Q:$Q,先々月データ!$A:$A,N11)) | R11: =IF(N11="","",SUMIFS(先々月データ!$L:$L,先々月データ!$A:$A,N11)) | S11: =IF(N11="","",SUMIFS(先々月データ!$R:$R,先々月データ!$A:$A,N11)) | T11: =IF(N11="","",SUMIFS(先々月データ!$Q:$Q,先々月データ!$A:$A,N11,先々月データ!$K:$K,">=6",先々月データ!$K:$K,"<"&設定!$B$10)) | U11: =IF(N11="","",Q11-T11) | V11: =IF(N11="","",IF(T11>=設定!$B$13,1,0)) | W11: =IF(N11="","",S11-SUMIFS(先々月データ!$R:$R,先々月データ!$A:$A,N11,先々月データ!$K:$K,">=6",先々月データ!$K:$K,"<"&設定!$B$10)) | X11: =IF(N11="","",IF(COUNTIF(祝日!$A:$A,N11-364)>0,1,0)) | Y11: =IF(N11="","",SUMIFS(先々月データ!$M:$M,先々月データ!$A:$A,N11)) | Z11: =IF(設定!$B$6="","",IF($A11<=DAY(EOMONTH(設定!$B$6,0)),設定!$B$6+$A11-1,"")) | AA11: =IF(Z11="","",IF(COUNTIF(祝日!$A:$A,Z11)>0,"祝",CHOOSE(WEEKDAY(Z11,2),"月","火","水","木","金","土","日"))) | AB11: =IF(Z11="","",SUMIFS(前年当月データ!$Q:$Q,前年当月データ!$A:$A,Z11)) | AC11: =IF(Z11="","",SUMIFS(前年当月データ!$Q:$Q,前年当月データ!$A:$A,Z11,前年当月データ!$K:$K,">=6",前年当月データ!$K:$K,"<"&設定!$B$10)) | AD11: =IF(Z11="","",AB11-AC11) | AE11: =IF(Z11="","",SUMIFS(前年当月データ!$L:$L,前年当月データ!$A:$A,Z11))
A12: 10 | B12: =IF(設定!$B$4="","",IF($A12<=DAY(EOMONTH(設定!$B$4,0)),設定!$B$4+$A12-1,"")) | C12: =IF(B12="","",IF(COUNTIF(祝日!$A:$A,B12)>0,"祝",CHOOSE(WEEKDAY(B12,2),"月","火","水","木","金","土","日"))) | D12: =IF(B12="","",CHOOSE(WEEKDAY(B12,2),"月","火","水","木","金","土","日")) | E12: =IF(B12="","",SUMIFS(先月データ!$Q:$Q,先月データ!$A:$A,B12)) | F12: =IF(B12="","",SUMIFS(先月データ!$L:$L,先月データ!$A:$A,B12)) | G12: =IF(B12="","",SUMIFS(先月データ!$R:$R,先月データ!$A:$A,B12)) | H12: =IF(B12="","",SUMIFS(先月データ!$Q:$Q,先月データ!$A:$A,B12,先月データ!$K:$K,">=6",先月データ!$K:$K,"<"&設定!$B$10)) | I12: =IF(B12="","",E12-H12) | J12: =IF(B12="","",IF(H12>=設定!$B$13,1,0)) | K12: =IF(B12="","",G12-SUMIFS(先月データ!$R:$R,先月データ!$A:$A,B12,先月データ!$K:$K,">=6",先月データ!$K:$K,"<"&設定!$B$10)) | L12: =IF(B12="","",IF(COUNTIF(祝日!$A:$A,B12-364)>0,1,0)) | M12: =IF(B12="","",SUMIFS(先月データ!$M:$M,先月データ!$A:$A,B12)) | N12: =IF(設定!$B$5="","",IF($A12<=DAY(EOMONTH(設定!$B$5,0)),設定!$B$5+$A12-1,"")) | O12: =IF(N12="","",IF(COUNTIF(祝日!$A:$A,N12)>0,"祝",CHOOSE(WEEKDAY(N12,2),"月","火","水","木","金","土","日"))) | P12: =IF(N12="","",CHOOSE(WEEKDAY(N12,2),"月","火","水","木","金","土","日")) | Q12: =IF(N12="","",SUMIFS(先々月データ!$Q:$Q,先々月データ!$A:$A,N12)) | R12: =IF(N12="","",SUMIFS(先々月データ!$L:$L,先々月データ!$A:$A,N12)) | S12: =IF(N12="","",SUMIFS(先々月データ!$R:$R,先々月データ!$A:$A,N12)) | T12: =IF(N12="","",SUMIFS(先々月データ!$Q:$Q,先々月データ!$A:$A,N12,先々月データ!$K:$K,">=6",先々月データ!$K:$K,"<"&設定!$B$10)) | U12: =IF(N12="","",Q12-T12) | V12: =IF(N12="","",IF(T12>=設定!$B$13,1,0)) | W12: =IF(N12="","",S12-SUMIFS(先々月データ!$R:$R,先々月データ!$A:$A,N12,先々月データ!$K:$K,">=6",先々月データ!$K:$K,"<"&設定!$B$10)) | X12: =IF(N12="","",IF(COUNTIF(祝日!$A:$A,N12-364)>0,1,0)) | Y12: =IF(N12="","",SUMIFS(先々月データ!$M:$M,先々月データ!$A:$A,N12)) | Z12: =IF(設定!$B$6="","",IF($A12<=DAY(EOMONTH(設定!$B$6,0)),設定!$B$6+$A12-1,"")) | AA12: =IF(Z12="","",IF(COUNTIF(祝日!$A:$A,Z12)>0,"祝",CHOOSE(WEEKDAY(Z12,2),"月","火","水","木","金","土","日"))) | AB12: =IF(Z12="","",SUMIFS(前年当月データ!$Q:$Q,前年当月データ!$A:$A,Z12)) | AC12: =IF(Z12="","",SUMIFS(前年当月データ!$Q:$Q,前年当月データ!$A:$A,Z12,前年当月データ!$K:$K,">=6",前年当月データ!$K:$K,"<"&設定!$B$10)) | AD12: =IF(Z12="","",AB12-AC12) | AE12: =IF(Z12="","",SUMIFS(前年当月データ!$L:$L,前年当月データ!$A:$A,Z12))
A13: 11 | B13: =IF(設定!$B$4="","",IF($A13<=DAY(EOMONTH(設定!$B$4,0)),設定!$B$4+$A13-1,"")) | C13: =IF(B13="","",IF(COUNTIF(祝日!$A:$A,B13)>0,"祝",CHOOSE(WEEKDAY(B13,2),"月","火","水","木","金","土","日"))) | D13: =IF(B13="","",CHOOSE(WEEKDAY(B13,2),"月","火","水","木","金","土","日")) | E13: =IF(B13="","",SUMIFS(先月データ!$Q:$Q,先月データ!$A:$A,B13)) | F13: =IF(B13="","",SUMIFS(先月データ!$L:$L,先月データ!$A:$A,B13)) | G13: =IF(B13="","",SUMIFS(先月データ!$R:$R,先月データ!$A:$A,B13)) | H13: =IF(B13="","",SUMIFS(先月データ!$Q:$Q,先月データ!$A:$A,B13,先月データ!$K:$K,">=6",先月データ!$K:$K,"<"&設定!$B$10)) | I13: =IF(B13="","",E13-H13) | J13: =IF(B13="","",IF(H13>=設定!$B$13,1,0)) | K13: =IF(B13="","",G13-SUMIFS(先月データ!$R:$R,先月データ!$A:$A,B13,先月データ!$K:$K,">=6",先月データ!$K:$K,"<"&設定!$B$10)) | L13: =IF(B13="","",IF(COUNTIF(祝日!$A:$A,B13-364)>0,1,0)) | M13: =IF(B13="","",SUMIFS(先月データ!$M:$M,先月データ!$A:$A,B13)) | N13: =IF(設定!$B$5="","",IF($A13<=DAY(EOMONTH(設定!$B$5,0)),設定!$B$5+$A13-1,"")) | O13: =IF(N13="","",IF(COUNTIF(祝日!$A:$A,N13)>0,"祝",CHOOSE(WEEKDAY(N13,2),"月","火","水","木","金","土","日"))) | P13: =IF(N13="","",CHOOSE(WEEKDAY(N13,2),"月","火","水","木","金","土","日")) | Q13: =IF(N13="","",SUMIFS(先々月データ!$Q:$Q,先々月データ!$A:$A,N13)) | R13: =IF(N13="","",SUMIFS(先々月データ!$L:$L,先々月データ!$A:$A,N13)) | S13: =IF(N13="","",SUMIFS(先々月データ!$R:$R,先々月データ!$A:$A,N13)) | T13: =IF(N13="","",SUMIFS(先々月データ!$Q:$Q,先々月データ!$A:$A,N13,先々月データ!$K:$K,">=6",先々月データ!$K:$K,"<"&設定!$B$10)) | U13: =IF(N13="","",Q13-T13) | V13: =IF(N13="","",IF(T13>=設定!$B$13,1,0)) | W13: =IF(N13="","",S13-SUMIFS(先々月データ!$R:$R,先々月データ!$A:$A,N13,先々月データ!$K:$K,">=6",先々月データ!$K:$K,"<"&設定!$B$10)) | X13: =IF(N13="","",IF(COUNTIF(祝日!$A:$A,N13-364)>0,1,0)) | Y13: =IF(N13="","",SUMIFS(先々月データ!$M:$M,先々月データ!$A:$A,N13)) | Z13: =IF(設定!$B$6="","",IF($A13<=DAY(EOMONTH(設定!$B$6,0)),設定!$B$6+$A13-1,"")) | AA13: =IF(Z13="","",IF(COUNTIF(祝日!$A:$A,Z13)>0,"祝",CHOOSE(WEEKDAY(Z13,2),"月","火","水","木","金","土","日"))) | AB13: =IF(Z13="","",SUMIFS(前年当月データ!$Q:$Q,前年当月データ!$A:$A,Z13)) | AC13: =IF(Z13="","",SUMIFS(前年当月データ!$Q:$Q,前年当月データ!$A:$A,Z13,前年当月データ!$K:$K,">=6",前年当月データ!$K:$K,"<"&設定!$B$10)) | AD13: =IF(Z13="","",AB13-AC13) | AE13: =IF(Z13="","",SUMIFS(前年当月データ!$L:$L,前年当月データ!$A:$A,Z13))
A14: 12 | B14: =IF(設定!$B$4="","",IF($A14<=DAY(EOMONTH(設定!$B$4,0)),設定!$B$4+$A14-1,"")) | C14: =IF(B14="","",IF(COUNTIF(祝日!$A:$A,B14)>0,"祝",CHOOSE(WEEKDAY(B14,2),"月","火","水","木","金","土","日"))) | D14: =IF(B14="","",CHOOSE(WEEKDAY(B14,2),"月","火","水","木","金","土","日")) | E14: =IF(B14="","",SUMIFS(先月データ!$Q:$Q,先月データ!$A:$A,B14)) | F14: =IF(B14="","",SUMIFS(先月データ!$L:$L,先月データ!$A:$A,B14)) | G14: =IF(B14="","",SUMIFS(先月データ!$R:$R,先月データ!$A:$A,B14)) | H14: =IF(B14="","",SUMIFS(先月データ!$Q:$Q,先月データ!$A:$A,B14,先月データ!$K:$K,">=6",先月データ!$K:$K,"<"&設定!$B$10)) | I14: =IF(B14="","",E14-H14) | J14: =IF(B14="","",IF(H14>=設定!$B$13,1,0)) | K14: =IF(B14="","",G14-SUMIFS(先月データ!$R:$R,先月データ!$A:$A,B14,先月データ!$K:$K,">=6",先月データ!$K:$K,"<"&設定!$B$10)) | L14: =IF(B14="","",IF(COUNTIF(祝日!$A:$A,B14-364)>0,1,0)) | M14: =IF(B14="","",SUMIFS(先月データ!$M:$M,先月データ!$A:$A,B14)) | N14: =IF(設定!$B$5="","",IF($A14<=DAY(EOMONTH(設定!$B$5,0)),設定!$B$5+$A14-1,"")) | O14: =IF(N14="","",IF(COUNTIF(祝日!$A:$A,N14)>0,"祝",CHOOSE(WEEKDAY(N14,2),"月","火","水","木","金","土","日"))) | P14: =IF(N14="","",CHOOSE(WEEKDAY(N14,2),"月","火","水","木","金","土","日")) | Q14: =IF(N14="","",SUMIFS(先々月データ!$Q:$Q,先々月データ!$A:$A,N14)) | R14: =IF(N14="","",SUMIFS(先々月データ!$L:$L,先々月データ!$A:$A,N14)) | S14: =IF(N14="","",SUMIFS(先々月データ!$R:$R,先々月データ!$A:$A,N14)) | T14: =IF(N14="","",SUMIFS(先々月データ!$Q:$Q,先々月データ!$A:$A,N14,先々月データ!$K:$K,">=6",先々月データ!$K:$K,"<"&設定!$B$10)) | U14: =IF(N14="","",Q14-T14) | V14: =IF(N14="","",IF(T14>=設定!$B$13,1,0)) | W14: =IF(N14="","",S14-SUMIFS(先々月データ!$R:$R,先々月データ!$A:$A,N14,先々月データ!$K:$K,">=6",先々月データ!$K:$K,"<"&設定!$B$10)) | X14: =IF(N14="","",IF(COUNTIF(祝日!$A:$A,N14-364)>0,1,0)) | Y14: =IF(N14="","",SUMIFS(先々月データ!$M:$M,先々月データ!$A:$A,N14)) | Z14: =IF(設定!$B$6="","",IF($A14<=DAY(EOMONTH(設定!$B$6,0)),設定!$B$6+$A14-1,"")) | AA14: =IF(Z14="","",IF(COUNTIF(祝日!$A:$A,Z14)>0,"祝",CHOOSE(WEEKDAY(Z14,2),"月","火","水","木","金","土","日"))) | AB14: =IF(Z14="","",SUMIFS(前年当月データ!$Q:$Q,前年当月データ!$A:$A,Z14)) | AC14: =IF(Z14="","",SUMIFS(前年当月データ!$Q:$Q,前年当月データ!$A:$A,Z14,前年当月データ!$K:$K,">=6",前年当月データ!$K:$K,"<"&設定!$B$10)) | AD14: =IF(Z14="","",AB14-AC14) | AE14: =IF(Z14="","",SUMIFS(前年当月データ!$L:$L,前年当月データ!$A:$A,Z14))
... A33: 31 | B33: =IF(設定!$B$4="","",IF($A33<=DAY(EOMONTH(設定!$B$4,0)),設定!$B$4+$A33-1,"")) | C33: =IF(B33="","",IF(COUNTIF(祝日!$A:$A,B33)>0,"祝",CHOOSE(WEEKDAY(B33,2),"月","火","水","木","金","土","日"))) | D33: =IF(B33="","",CHOOSE(WEEKDAY(B33,2),"月","火","水","木","金","土","日")) | E33: =IF(B33="","",SUMIFS(先月データ!$Q:$Q,先月データ!$A:$A,B33)) | F33: =IF(B33="","",SUMIFS(先月データ!$L:$L,先月データ!$A:$A,B33)) | G33: =IF(B33="","",SUMIFS(先月データ!$R:$R,先月データ!$A:$A,B33)) | H33: =IF(B33="","",SUMIFS(先月データ!$Q:$Q,先月データ!$A:$A,B33,先月データ!$K:$K,">=6",先月データ!$K:$K,"<"&設定!$B$10)) | I33: =IF(B33="","",E33-H33) | J33: =IF(B33="","",IF(H33>=設定!$B$13,1,0)) | K33: =IF(B33="","",G33-SUMIFS(先月データ!$R:$R,先月データ!$A:$A,B33,先月データ!$K:$K,">=6",先月データ!$K:$K,"<"&設定!$B$10)) | L33: =IF(B33="","",IF(COUNTIF(祝日!$A:$A,B33-364)>0,1,0)) | M33: =IF(B33="","",SUMIFS(先月データ!$M:$M,先月データ!$A:$A,B33)) | N33: =IF(設定!$B$5="","",IF($A33<=DAY(EOMONTH(設定!$B$5,0)),設定!$B$5+$A33-1,"")) | O33: =IF(N33="","",IF(COUNTIF(祝日!$A:$A,N33)>0,"祝",CHOOSE(WEEKDAY(N33,2),"月","火","水","木","金","土","日"))) | P33: =IF(N33="","",CHOOSE(WEEKDAY(N33,2),"月","火","水","木","金","土","日")) | Q33: =IF(N33="","",SUMIFS(先々月データ!$Q:$Q,先々月データ!$A:$A,N33)) | R33: =IF(N33="","",SUMIFS(先々月データ!$L:$L,先々月データ!$A:$A,N33)) | S33: =IF(N33="","",SUMIFS(先々月データ!$R:$R,先々月データ!$A:$A,N33)) | T33: =IF(N33="","",SUMIFS(先々月データ!$Q:$Q,先々月データ!$A:$A,N33,先々月データ!$K:$K,">=6",先々月データ!$K:$K,"<"&設定!$B$10)) | U33: =IF(N33="","",Q33-T33) | V33: =IF(N33="","",IF(T33>=設定!$B$13,1,0)) | W33: =IF(N33="","",S33-SUMIFS(先々月データ!$R:$R,先々月データ!$A:$A,N33,先々月データ!$K:$K,">=6",先々月データ!$K:$K,"<"&設定!$B$10)) | X33: =IF(N33="","",IF(COUNTIF(祝日!$A:$A,N33-364)>0,1,0)) | Y33: =IF(N33="","",SUMIFS(先々月データ!$M:$M,先々月データ!$A:$A,N33)) | Z33: =IF(設定!$B$6="","",IF($A33<=DAY(EOMONTH(設定!$B$6,0)),設定!$B$6+$A33-1,"")) | AA33: =IF(Z33="","",IF(COUNTIF(祝日!$A:$A,Z33)>0,"祝",CHOOSE(WEEKDAY(Z33,2),"月","火","水","木","金","土","日"))) | AB33: =IF(Z33="","",SUMIFS(前年当月データ!$Q:$Q,前年当月データ!$A:$A,Z33)) | AC33: =IF(Z33="","",SUMIFS(前年当月データ!$Q:$Q,前年当月データ!$A:$A,Z33,前年当月データ!$K:$K,">=6",前年当月データ!$K:$K,"<"&設定!$B$10)) | AD33: =IF(Z33="","",AB33-AC33) | AE33: =IF(Z33="","",SUMIFS(前年当月データ!$L:$L,前年当月データ!$A:$A,Z33))
A36: 日タイプ別 基準値（ディナー＝営業日平均、ランチ＝ランチ営業した日の平均）
A37: タイプ | B37: 先月 営業日数 | C37: 先月 ランチ営業日数 | D37: 先月 ディナー平均 | E37: 先月 ランチ平均 | F37: 先々月 営業日数 | G37: 先々月 ランチ営業日数 | H37: 先々月 ディナー平均 | I37: 先々月 ランチ平均 | J37: 重み付け ディナー | K37: 重み付け ランチ | L37: 採用 ディナー基準 | M37: 採用 ランチ基準 | N37: 先月 客単価 | O37: 先々月 客単価 | P37: 採用 客単価 | Q37: 前年先月 ディナー平均 | R37: 前年先々月 ディナー平均 | S37: 前年(直近) 重み付け | T37: 前年当月 ディナー平均 | U37: 季節係数に使用
A38: 月 | B38: =COUNTIFS(集計!$C$3:$C$33,$A38,集計!$E$3:$E$33,">0") -> 0 | C38: =COUNTIFS(集計!$C$3:$C$33,$A38,集計!$J$3:$J$33,1) -> 0 | D38: =IF(B38>0,AVERAGEIFS(集計!$I$3:$I$33,集計!$C$3:$C$33,$A38,集計!$E$3:$E$33,">0"),"") | E38: =IF(C38>0,AVERAGEIFS(集計!$H$3:$H$33,集計!$C$3:$C$33,$A38,集計!$J$3:$J$33,1),"") | F38: =COUNTIFS(集計!$O$3:$O$33,$A38,集計!$Q$3:$Q$33,">0") -> 0 | G38: =COUNTIFS(集計!$O$3:$O$33,$A38,集計!$V$3:$V$33,1) -> 0 | H38: =IF(F38>0,AVERAGEIFS(集計!$U$3:$U$33,集計!$O$3:$O$33,$A38,集計!$Q$3:$Q$33,">0"),"") | I38: =IF(G38>0,AVERAGEIFS(集計!$T$3:$T$33,集計!$O$3:$O$33,$A38,集計!$V$3:$V$33,1),"") | J38: =IF(AND(B38>0,F38>0),(設定!$B$15*D38+設定!$B$16*H38)/(設定!$B$15+設定!$B$16),IF(B38>0,D38,IF(F38>0,H38,""))) | K38: =IF(AND(C38>0,G38>0),(設定!$B$15*E38+設定!$B$16*I38)/(設定!$B$15+設定!$B$16),IF(C38>0,E38,IF(G38>0,I38,""))) | L38: =IF(J38<>"",J38,IF(AND($A38="祝",$J$44<>""),$J$44,$L$47)) | M38: =IF(K38<>"",K38,IF($M$48<>"",$M$48,N($M$47))) -> 0 | N38: =IFERROR(SUMIFS(集計!$F$3:$F$33,集計!$C$3:$C$33,$A38)/SUMIFS(集計!$E$3:$E$33,集計!$C$3:$C$33,$A38),"") | O38: =IFERROR(SUMIFS(集計!$R$3:$R$33,集計!$O$3:$O$33,$A38)/SUMIFS(集計!$Q$3:$Q$33,集計!$O$3:$O$33,$A38),"") | P38: =IF(AND(N38<>"",O38<>""),(設定!$B$15*N38+設定!$B$16*O38)/(設定!$B$15+設定!$B$16),IF(N38<>"",N38,IF(O38<>"",O38,$P$47))) -> 0 | Q38: =IFERROR(AVERAGEIFS(集計!$K$3:$K$33,集計!$D$3:$D$33,$A38,集計!$K$3:$K$33,">0",集計!$L$3:$L$33,0),"") | R38: =IFERROR(AVERAGEIFS(集計!$W$3:$W$33,集計!$P$3:$P$33,$A38,集計!$W$3:$W$33,">0",集計!$X$3:$X$33,0),"") | S38: =IF(AND(Q38<>"",R38<>""),(設定!$B$15*Q38+設定!$B$16*R38)/(設定!$B$15+設定!$B$16),IF(Q38<>"",Q38,IF(R38<>"",R38,""))) | T38: =IFERROR(AVERAGEIFS(集計!$AD$3:$AD$33,集計!$AA$3:$AA$33,$A38,集計!$AD$3:$AD$33,">0"),"") | U38: =IF(AND(S38<>"",T38<>""),1,0) -> 0
A39: 火 | B39: =COUNTIFS(集計!$C$3:$C$33,$A39,集計!$E$3:$E$33,">0") -> 0 | C39: =COUNTIFS(集計!$C$3:$C$33,$A39,集計!$J$3:$J$33,1) -> 0 | D39: =IF(B39>0,AVERAGEIFS(集計!$I$3:$I$33,集計!$C$3:$C$33,$A39,集計!$E$3:$E$33,">0"),"") | E39: =IF(C39>0,AVERAGEIFS(集計!$H$3:$H$33,集計!$C$3:$C$33,$A39,集計!$J$3:$J$33,1),"") | F39: =COUNTIFS(集計!$O$3:$O$33,$A39,集計!$Q$3:$Q$33,">0") -> 0 | G39: =COUNTIFS(集計!$O$3:$O$33,$A39,集計!$V$3:$V$33,1) -> 0 | H39: =IF(F39>0,AVERAGEIFS(集計!$U$3:$U$33,集計!$O$3:$O$33,$A39,集計!$Q$3:$Q$33,">0"),"") | I39: =IF(G39>0,AVERAGEIFS(集計!$T$3:$T$33,集計!$O$3:$O$33,$A39,集計!$V$3:$V$33,1),"") | J39: =IF(AND(B39>0,F39>0),(設定!$B$15*D39+設定!$B$16*H39)/(設定!$B$15+設定!$B$16),IF(B39>0,D39,IF(F39>0,H39,""))) | K39: =IF(AND(C39>0,G39>0),(設定!$B$15*E39+設定!$B$16*I39)/(設定!$B$15+設定!$B$16),IF(C39>0,E39,IF(G39>0,I39,""))) | L39: =IF(J39<>"",J39,IF(AND($A39="祝",$J$44<>""),$J$44,$L$47)) | M39: =IF(K39<>"",K39,IF($M$48<>"",$M$48,N($M$47))) -> 0 | N39: =IFERROR(SUMIFS(集計!$F$3:$F$33,集計!$C$3:$C$33,$A39)/SUMIFS(集計!$E$3:$E$33,集計!$C$3:$C$33,$A39),"") | O39: =IFERROR(SUMIFS(集計!$R$3:$R$33,集計!$O$3:$O$33,$A39)/SUMIFS(集計!$Q$3:$Q$33,集計!$O$3:$O$33,$A39),"") | P39: =IF(AND(N39<>"",O39<>""),(設定!$B$15*N39+設定!$B$16*O39)/(設定!$B$15+設定!$B$16),IF(N39<>"",N39,IF(O39<>"",O39,$P$47))) -> 0 | Q39: =IFERROR(AVERAGEIFS(集計!$K$3:$K$33,集計!$D$3:$D$33,$A39,集計!$K$3:$K$33,">0",集計!$L$3:$L$33,0),"") | R39: =IFERROR(AVERAGEIFS(集計!$W$3:$W$33,集計!$P$3:$P$33,$A39,集計!$W$3:$W$33,">0",集計!$X$3:$X$33,0),"") | S39: =IF(AND(Q39<>"",R39<>""),(設定!$B$15*Q39+設定!$B$16*R39)/(設定!$B$15+設定!$B$16),IF(Q39<>"",Q39,IF(R39<>"",R39,""))) | T39: =IFERROR(AVERAGEIFS(集計!$AD$3:$AD$33,集計!$AA$3:$AA$33,$A39,集計!$AD$3:$AD$33,">0"),"") | U39: =IF(AND(S39<>"",T39<>""),1,0) -> 0
A40: 水 | B40: =COUNTIFS(集計!$C$3:$C$33,$A40,集計!$E$3:$E$33,">0") -> 0 | C40: =COUNTIFS(集計!$C$3:$C$33,$A40,集計!$J$3:$J$33,1) -> 0 | D40: =IF(B40>0,AVERAGEIFS(集計!$I$3:$I$33,集計!$C$3:$C$33,$A40,集計!$E$3:$E$33,">0"),"") | E40: =IF(C40>0,AVERAGEIFS(集計!$H$3:$H$33,集計!$C$3:$C$33,$A40,集計!$J$3:$J$33,1),"") | F40: =COUNTIFS(集計!$O$3:$O$33,$A40,集計!$Q$3:$Q$33,">0") -> 0 | G40: =COUNTIFS(集計!$O$3:$O$33,$A40,集計!$V$3:$V$33,1) -> 0 | H40: =IF(F40>0,AVERAGEIFS(集計!$U$3:$U$33,集計!$O$3:$O$33,$A40,集計!$Q$3:$Q$33,">0"),"") | I40: =IF(G40>0,AVERAGEIFS(集計!$T$3:$T$33,集計!$O$3:$O$33,$A40,集計!$V$3:$V$33,1),"") | J40: =IF(AND(B40>0,F40>0),(設定!$B$15*D40+設定!$B$16*H40)/(設定!$B$15+設定!$B$16),IF(B40>0,D40,IF(F40>0,H40,""))) | K40: =IF(AND(C40>0,G40>0),(設定!$B$15*E40+設定!$B$16*I40)/(設定!$B$15+設定!$B$16),IF(C40>0,E40,IF(G40>0,I40,""))) | L40: =IF(J40<>"",J40,IF(AND($A40="祝",$J$44<>""),$J$44,$L$47)) | M40: =IF(K40<>"",K40,IF($M$48<>"",$M$48,N($M$47))) -> 0 | N40: =IFERROR(SUMIFS(集計!$F$3:$F$33,集計!$C$3:$C$33,$A40)/SUMIFS(集計!$E$3:$E$33,集計!$C$3:$C$33,$A40),"") | O40: =IFERROR(SUMIFS(集計!$R$3:$R$33,集計!$O$3:$O$33,$A40)/SUMIFS(集計!$Q$3:$Q$33,集計!$O$3:$O$33,$A40),"") | P40: =IF(AND(N40<>"",O40<>""),(設定!$B$15*N40+設定!$B$16*O40)/(設定!$B$15+設定!$B$16),IF(N40<>"",N40,IF(O40<>"",O40,$P$47))) -> 0 | Q40: =IFERROR(AVERAGEIFS(集計!$K$3:$K$33,集計!$D$3:$D$33,$A40,集計!$K$3:$K$33,">0",集計!$L$3:$L$33,0),"") | R40: =IFERROR(AVERAGEIFS(集計!$W$3:$W$33,集計!$P$3:$P$33,$A40,集計!$W$3:$W$33,">0",集計!$X$3:$X$33,0),"") | S40: =IF(AND(Q40<>"",R40<>""),(設定!$B$15*Q40+設定!$B$16*R40)/(設定!$B$15+設定!$B$16),IF(Q40<>"",Q40,IF(R40<>"",R40,""))) | T40: =IFERROR(AVERAGEIFS(集計!$AD$3:$AD$33,集計!$AA$3:$AA$33,$A40,集計!$AD$3:$AD$33,">0"),"") | U40: =IF(AND(S40<>"",T40<>""),1,0) -> 0
A41: 木 | B41: =COUNTIFS(集計!$C$3:$C$33,$A41,集計!$E$3:$E$33,">0") -> 0 | C41: =COUNTIFS(集計!$C$3:$C$33,$A41,集計!$J$3:$J$33,1) -> 0 | D41: =IF(B41>0,AVERAGEIFS(集計!$I$3:$I$33,集計!$C$3:$C$33,$A41,集計!$E$3:$E$33,">0"),"") | E41: =IF(C41>0,AVERAGEIFS(集計!$H$3:$H$33,集計!$C$3:$C$33,$A41,集計!$J$3:$J$33,1),"") | F41: =COUNTIFS(集計!$O$3:$O$33,$A41,集計!$Q$3:$Q$33,">0") -> 0 | G41: =COUNTIFS(集計!$O$3:$O$33,$A41,集計!$V$3:$V$33,1) -> 0 | H41: =IF(F41>0,AVERAGEIFS(集計!$U$3:$U$33,集計!$O$3:$O$33,$A41,集計!$Q$3:$Q$33,">0"),"") | I41: =IF(G41>0,AVERAGEIFS(集計!$T$3:$T$33,集計!$O$3:$O$33,$A41,集計!$V$3:$V$33,1),"") | J41: =IF(AND(B41>0,F41>0),(設定!$B$15*D41+設定!$B$16*H41)/(設定!$B$15+設定!$B$16),IF(B41>0,D41,IF(F41>0,H41,""))) | K41: =IF(AND(C41>0,G41>0),(設定!$B$15*E41+設定!$B$16*I41)/(設定!$B$15+設定!$B$16),IF(C41>0,E41,IF(G41>0,I41,""))) | L41: =IF(J41<>"",J41,IF(AND($A41="祝",$J$44<>""),$J$44,$L$47)) | M41: =IF(K41<>"",K41,IF($M$48<>"",$M$48,N($M$47))) -> 0 | N41: =IFERROR(SUMIFS(集計!$F$3:$F$33,集計!$C$3:$C$33,$A41)/SUMIFS(集計!$E$3:$E$33,集計!$C$3:$C$33,$A41),"") | O41: =IFERROR(SUMIFS(集計!$R$3:$R$33,集計!$O$3:$O$33,$A41)/SUMIFS(集計!$Q$3:$Q$33,集計!$O$3:$O$33,$A41),"") | P41: =IF(AND(N41<>"",O41<>""),(設定!$B$15*N41+設定!$B$16*O41)/(設定!$B$15+設定!$B$16),IF(N41<>"",N41,IF(O41<>"",O41,$P$47))) -> 0 | Q41: =IFERROR(AVERAGEIFS(集計!$K$3:$K$33,集計!$D$3:$D$33,$A41,集計!$K$3:$K$33,">0",集計!$L$3:$L$33,0),"") | R41: =IFERROR(AVERAGEIFS(集計!$W$3:$W$33,集計!$P$3:$P$33,$A41,集計!$W$3:$W$33,">0",集計!$X$3:$X$33,0),"") | S41: =IF(AND(Q41<>"",R41<>""),(設定!$B$15*Q41+設定!$B$16*R41)/(設定!$B$15+設定!$B$16),IF(Q41<>"",Q41,IF(R41<>"",R41,""))) | T41: =IFERROR(AVERAGEIFS(集計!$AD$3:$AD$33,集計!$AA$3:$AA$33,$A41,集計!$AD$3:$AD$33,">0"),"") | U41: =IF(AND(S41<>"",T41<>""),1,0) -> 0
A42: 金 | B42: =COUNTIFS(集計!$C$3:$C$33,$A42,集計!$E$3:$E$33,">0") -> 0 | C42: =COUNTIFS(集計!$C$3:$C$33,$A42,集計!$J$3:$J$33,1) -> 0 | D42: =IF(B42>0,AVERAGEIFS(集計!$I$3:$I$33,集計!$C$3:$C$33,$A42,集計!$E$3:$E$33,">0"),"") | E42: =IF(C42>0,AVERAGEIFS(集計!$H$3:$H$33,集計!$C$3:$C$33,$A42,集計!$J$3:$J$33,1),"") | F42: =COUNTIFS(集計!$O$3:$O$33,$A42,集計!$Q$3:$Q$33,">0") -> 0 | G42: =COUNTIFS(集計!$O$3:$O$33,$A42,集計!$V$3:$V$33,1) -> 0 | H42: =IF(F42>0,AVERAGEIFS(集計!$U$3:$U$33,集計!$O$3:$O$33,$A42,集計!$Q$3:$Q$33,">0"),"") | I42: =IF(G42>0,AVERAGEIFS(集計!$T$3:$T$33,集計!$O$3:$O$33,$A42,集計!$V$3:$V$33,1),"") | J42: =IF(AND(B42>0,F42>0),(設定!$B$15*D42+設定!$B$16*H42)/(設定!$B$15+設定!$B$16),IF(B42>0,D42,IF(F42>0,H42,""))) | K42: =IF(AND(C42>0,G42>0),(設定!$B$15*E42+設定!$B$16*I42)/(設定!$B$15+設定!$B$16),IF(C42>0,E42,IF(G42>0,I42,""))) | L42: =IF(J42<>"",J42,IF(AND($A42="祝",$J$44<>""),$J$44,$L$47)) | M42: =IF(K42<>"",K42,IF($M$48<>"",$M$48,N($M$47))) -> 0 | N42: =IFERROR(SUMIFS(集計!$F$3:$F$33,集計!$C$3:$C$33,$A42)/SUMIFS(集計!$E$3:$E$33,集計!$C$3:$C$33,$A42),"") | O42: =IFERROR(SUMIFS(集計!$R$3:$R$33,集計!$O$3:$O$33,$A42)/SUMIFS(集計!$Q$3:$Q$33,集計!$O$3:$O$33,$A42),"") | P42: =IF(AND(N42<>"",O42<>""),(設定!$B$15*N42+設定!$B$16*O42)/(設定!$B$15+設定!$B$16),IF(N42<>"",N42,IF(O42<>"",O42,$P$47))) -> 0 | Q42: =IFERROR(AVERAGEIFS(集計!$K$3:$K$33,集計!$D$3:$D$33,$A42,集計!$K$3:$K$33,">0",集計!$L$3:$L$33,0),"") | R42: =IFERROR(AVERAGEIFS(集計!$W$3:$W$33,集計!$P$3:$P$33,$A42,集計!$W$3:$W$33,">0",集計!$X$3:$X$33,0),"") | S42: =IF(AND(Q42<>"",R42<>""),(設定!$B$15*Q42+設定!$B$16*R42)/(設定!$B$15+設定!$B$16),IF(Q42<>"",Q42,IF(R42<>"",R42,""))) | T42: =IFERROR(AVERAGEIFS(集計!$AD$3:$AD$33,集計!$AA$3:$AA$33,$A42,集計!$AD$3:$AD$33,">0"),"") | U42: =IF(AND(S42<>"",T42<>""),1,0) -> 0
A43: 土 | B43: =COUNTIFS(集計!$C$3:$C$33,$A43,集計!$E$3:$E$33,">0") -> 0 | C43: =COUNTIFS(集計!$C$3:$C$33,$A43,集計!$J$3:$J$33,1) -> 0 | D43: =IF(B43>0,AVERAGEIFS(集計!$I$3:$I$33,集計!$C$3:$C$33,$A43,集計!$E$3:$E$33,">0"),"") | E43: =IF(C43>0,AVERAGEIFS(集計!$H$3:$H$33,集計!$C$3:$C$33,$A43,集計!$J$3:$J$33,1),"") | F43: =COUNTIFS(集計!$O$3:$O$33,$A43,集計!$Q$3:$Q$33,">0") -> 0 | G43: =COUNTIFS(集計!$O$3:$O$33,$A43,集計!$V$3:$V$33,1) -> 0 | H43: =IF(F43>0,AVERAGEIFS(集計!$U$3:$U$33,集計!$O$3:$O$33,$A43,集計!$Q$3:$Q$33,">0"),"") | I43: =IF(G43>0,AVERAGEIFS(集計!$T$3:$T$33,集計!$O$3:$O$33,$A43,集計!$V$3:$V$33,1),"") | J43: =IF(AND(B43>0,F43>0),(設定!$B$15*D43+設定!$B$16*H43)/(設定!$B$15+設定!$B$16),IF(B43>0,D43,IF(F43>0,H43,""))) | K43: =IF(AND(C43>0,G43>0),(設定!$B$15*E43+設定!$B$16*I43)/(設定!$B$15+設定!$B$16),IF(C43>0,E43,IF(G43>0,I43,""))) | L43: =IF(J43<>"",J43,IF(AND($A43="祝",$J$44<>""),$J$44,$L$47)) | M43: =IF(K43<>"",K43,IF(AND($A43="祝",$K$44<>""),$K$44,N($M$47))) -> 0 | N43: =IFERROR(SUMIFS(集計!$F$3:$F$33,集計!$C$3:$C$33,$A43)/SUMIFS(集計!$E$3:$E$33,集計!$C$3:$C$33,$A43),"") | O43: =IFERROR(SUMIFS(集計!$R$3:$R$33,集計!$O$3:$O$33,$A43)/SUMIFS(集計!$Q$3:$Q$33,集計!$O$3:$O$33,$A43),"") | P43: =IF(AND(N43<>"",O43<>""),(設定!$B$15*N43+設定!$B$16*O43)/(設定!$B$15+設定!$B$16),IF(N43<>"",N43,IF(O43<>"",O43,$P$47))) -> 0 | Q43: =IFERROR(AVERAGEIFS(集計!$K$3:$K$33,集計!$D$3:$D$33,$A43,集計!$K$3:$K$33,">0",集計!$L$3:$L$33,0),"") | R43: =IFERROR(AVERAGEIFS(集計!$W$3:$W$33,集計!$P$3:$P$33,$A43,集計!$W$3:$W$33,">0",集計!$X$3:$X$33,0),"") | S43: =IF(AND(Q43<>"",R43<>""),(設定!$B$15*Q43+設定!$B$16*R43)/(設定!$B$15+設定!$B$16),IF(Q43<>"",Q43,IF(R43<>"",R43,""))) | T43: =IFERROR(AVERAGEIFS(集計!$AD$3:$AD$33,集計!$AA$3:$AA$33,$A43,集計!$AD$3:$AD$33,">0"),"") | U43: =IF(AND(S43<>"",T43<>""),1,0) -> 0
A44: 日 | B44: =COUNTIFS(集計!$C$3:$C$33,$A44,集計!$E$3:$E$33,">0") -> 0 | C44: =COUNTIFS(集計!$C$3:$C$33,$A44,集計!$J$3:$J$33,1) -> 0 | D44: =IF(B44>0,AVERAGEIFS(集計!$I$3:$I$33,集計!$C$3:$C$33,$A44,集計!$E$3:$E$33,">0"),"") | E44: =IF(C44>0,AVERAGEIFS(集計!$H$3:$H$33,集計!$C$3:$C$33,$A44,集計!$J$3:$J$33,1),"") | F44: =COUNTIFS(集計!$O$3:$O$33,$A44,集計!$Q$3:$Q$33,">0") -> 0 | G44: =COUNTIFS(集計!$O$3:$O$33,$A44,集計!$V$3:$V$33,1) -> 0 | H44: =IF(F44>0,AVERAGEIFS(集計!$U$3:$U$33,集計!$O$3:$O$33,$A44,集計!$Q$3:$Q$33,">0"),"") | I44: =IF(G44>0,AVERAGEIFS(集計!$T$3:$T$33,集計!$O$3:$O$33,$A44,集計!$V$3:$V$33,1),"") | J44: =IF(AND(B44>0,F44>0),(設定!$B$15*D44+設定!$B$16*H44)/(設定!$B$15+設定!$B$16),IF(B44>0,D44,IF(F44>0,H44,""))) | K44: =IF(AND(C44>0,G44>0),(設定!$B$15*E44+設定!$B$16*I44)/(設定!$B$15+設定!$B$16),IF(C44>0,E44,IF(G44>0,I44,""))) | L44: =IF(J44<>"",J44,IF(AND($A44="祝",$J$44<>""),$J$44,$L$47)) | M44: =IF(K44<>"",K44,IF(AND($A44="祝",$K$44<>""),$K$44,N($M$47))) -> 0 | N44: =IFERROR(SUMIFS(集計!$F$3:$F$33,集計!$C$3:$C$33,$A44)/SUMIFS(集計!$E$3:$E$33,集計!$C$3:$C$33,$A44),"") | O44: =IFERROR(SUMIFS(集計!$R$3:$R$33,集計!$O$3:$O$33,$A44)/SUMIFS(集計!$Q$3:$Q$33,集計!$O$3:$O$33,$A44),"") | P44: =IF(AND(N44<>"",O44<>""),(設定!$B$15*N44+設定!$B$16*O44)/(設定!$B$15+設定!$B$16),IF(N44<>"",N44,IF(O44<>"",O44,$P$47))) -> 0 | Q44: =IFERROR(AVERAGEIFS(集計!$K$3:$K$33,集計!$D$3:$D$33,$A44,集計!$K$3:$K$33,">0",集計!$L$3:$L$33,0),"") | R44: =IFERROR(AVERAGEIFS(集計!$W$3:$W$33,集計!$P$3:$P$33,$A44,集計!$W$3:$W$33,">0",集計!$X$3:$X$33,0),"") | S44: =IF(AND(Q44<>"",R44<>""),(設定!$B$15*Q44+設定!$B$16*R44)/(設定!$B$15+設定!$B$16),IF(Q44<>"",Q44,IF(R44<>"",R44,""))) | T44: =IFERROR(AVERAGEIFS(集計!$AD$3:$AD$33,集計!$AA$3:$AA$33,$A44,集計!$AD$3:$AD$33,">0"),"") | U44: =IF(AND(S44<>"",T44<>""),1,0) -> 0
A45: 祝 | B45: =COUNTIFS(集計!$C$3:$C$33,$A45,集計!$E$3:$E$33,">0") -> 0 | C45: =COUNTIFS(集計!$C$3:$C$33,$A45,集計!$J$3:$J$33,1) -> 0 | D45: =IF(B45>0,AVERAGEIFS(集計!$I$3:$I$33,集計!$C$3:$C$33,$A45,集計!$E$3:$E$33,">0"),"") | E45: =IF(C45>0,AVERAGEIFS(集計!$H$3:$H$33,集計!$C$3:$C$33,$A45,集計!$J$3:$J$33,1),"") | F45: =COUNTIFS(集計!$O$3:$O$33,$A45,集計!$Q$3:$Q$33,">0") -> 0 | G45: =COUNTIFS(集計!$O$3:$O$33,$A45,集計!$V$3:$V$33,1) -> 0 | H45: =IF(F45>0,AVERAGEIFS(集計!$U$3:$U$33,集計!$O$3:$O$33,$A45,集計!$Q$3:$Q$33,">0"),"") | I45: =IF(G45>0,AVERAGEIFS(集計!$T$3:$T$33,集計!$O$3:$O$33,$A45,集計!$V$3:$V$33,1),"") | J45: =IF(AND(B45>0,F45>0),(設定!$B$15*D45+設定!$B$16*H45)/(設定!$B$15+設定!$B$16),IF(B45>0,D45,IF(F45>0,H45,""))) | K45: =IF(AND(C45>0,G45>0),(設定!$B$15*E45+設定!$B$16*I45)/(設定!$B$15+設定!$B$16),IF(C45>0,E45,IF(G45>0,I45,""))) | L45: =IF(J45<>"",J45,IF(AND($A45="祝",$J$44<>""),$J$44,$L$47)) | M45: =IF(K45<>"",K45,IF(AND($A45="祝",$K$44<>""),$K$44,N($M$47))) -> 0 | N45: =IFERROR(SUMIFS(集計!$F$3:$F$33,集計!$C$3:$C$33,$A45)/SUMIFS(集計!$E$3:$E$33,集計!$C$3:$C$33,$A45),"") | O45: =IFERROR(SUMIFS(集計!$R$3:$R$33,集計!$O$3:$O$33,$A45)/SUMIFS(集計!$Q$3:$Q$33,集計!$O$3:$O$33,$A45),"") | P45: =IF(AND(N45<>"",O45<>""),(設定!$B$15*N45+設定!$B$16*O45)/(設定!$B$15+設定!$B$16),IF(N45<>"",N45,IF(O45<>"",O45,$P$47))) -> 0
A47: 全体平均 | L47: =IFERROR(IF(AND(COUNTIF(集計!$E$3:$E$33,">0")>0,COUNTIF(集計!$Q$3:$Q$33,">0")>0),(設定!$B$15*AVERAGEIF(集計!$E$3:$E$33,">0")+設定!$B$16*AVERAGEIF(集計!$Q$3:$Q$33,">0"))/(設定!$B$15+設定!$B$16),IF(COUNTIF(集計!$E$3:$E$33,">0")>0,AVERAGEIF(集計!$E$3:$E$33,">0"),IF(COUNTIF(集計!$Q$3:$Q$33,">0")>0,AVERAGEIF(集計!$Q$3:$Q$33,">0"),""))),0) | M47: =IFERROR(IF(AND(COUNTIF(集計!$J$3:$J$33,1)>0,COUNTIF(集計!$V$3:$V$33,1)>0),(設定!$B$15*AVERAGEIF(集計!$J$3:$J$33,1,集計!$H$3:$H$33)+設定!$B$16*AVERAGEIF(集計!$V$3:$V$33,1,集計!$T$3:$T$33))/(設定!$B$15+設定!$B$16),IF(COUNTIF(集計!$J$3:$J$33,1)>0,AVERAGEIF(集計!$J$3:$J$33,1,集計!$H$3:$H$33),IF(COUNTIF(集計!$V$3:$V$33,1)>0,AVERAGEIF(集計!$V$3:$V$33,1,集計!$T$3:$T$33),""))),"") | P47: =IFERROR((SUM(集計!$F$3:$F$33)+SUM(集計!$R$3:$R$33))/(SUM(集計!$E$3:$E$33)+SUM(集計!$Q$3:$Q$33)),0) -> 0
A48: 平日ランチ平均 | M48: =IFERROR(IF(AND((COUNTIFS(集計!$J$3:$J$33,1)-COUNTIFS(集計!$J$3:$J$33,1,集計!$C$3:$C$33,"土")-COUNTIFS(集計!$J$3:$J$33,1,集計!$C$3:$C$33,"日")-COUNTIFS(集計!$J$3:$J$33,1,集計!$C$3:$C$33,"祝"))>0,(COUNTIFS(集計!$V$3:$V$33,1)-COUNTIFS(集計!$V$3:$V$33,1,集計!$O$3:$O$33,"土")-COUNTIFS(集計!$V$3:$V$33,1,集計!$O$3:$O$33,"日")-COUNTIFS(集計!$V$3:$V$33,1,集計!$O$3:$O$33,"祝"))>0),(設定!$B$15*(SUMIFS(集計!$H$3:$H$33,集計!$J$3:$J$33,1)-SUMIFS(集計!$H$3:$H$33,集計!$J$3:$J$33,1,集計!$C$3:$C$33,"土")-SUMIFS(集計!$H$3:$H$33,集計!$J$3:$J$33,1,集計!$C$3:$C$33,"日")-SUMIFS(集計!$H$3:$H$33,集計!$J$3:$J$33,1,集計!$C$3:$C$33,"祝"))/(COUNTIFS(集計!$J$3:$J$33,1)-COUNTIFS(集計!$J$3:$J$33,1,集計!$C$3:$C$33,"土")-COUNTIFS(集計!$J$3:$J$33,1,集計!$C$3:$C$33,"日")-COUNTIFS(集計!$J$3:$J$33,1,集計!$C$3:$C$33,"祝"))+設定!$B$16*(SUMIFS(集計!$T$3:$T$33,集計!$V$3:$V$33,1)-SUMIFS(集計!$T$3:$T$33,集計!$V$3:$V$33,1,集計!$O$3:$O$33,"土")-SUMIFS(集計!$T$3:$T$33,集計!$V$3:$V$33,1,集計!$O$3:$O$33,"日")-SUMIFS(集計!$T$3:$T$33,集計!$V$3:$V$33,1,集計!$O$3:$O$33,"祝"))/(COUNTIFS(集計!$V$3:$V$33,1)-COUNTIFS(集計!$V$3:$V$33,1,集計!$O$3:$O$33,"土")-COUNTIFS(集計!$V$3:$V$33,1,集計!$O$3:$O$33,"日")-COUNTIFS(集計!$V$3:$V$33,1,集計!$O$3:$O$33,"祝")))/(設定!$B$15+設定!$B$16),IF((COUNTIFS(集計!$J$3:$J$33,1)-COUNTIFS(集計!$J$3:$J$33,1,集計!$C$3:$C$33,"土")-COUNTIFS(集計!$J$3:$J$33,1,集計!$C$3:$C$33,"日")-COUNTIFS(集計!$J$3:$J$33,1,集計!$C$3:$C$33,"祝"))>0,(SUMIFS(集計!$H$3:$H$33,集計!$J$3:$J$33,1)-SUMIFS(集計!$H$3:$H$33,集計!$J$3:$J$33,1,集計!$C$3:$C$33,"土")-SUMIFS(集計!$H$3:$H$33,集計!$J$3:$J$33,1,集計!$C$3:$C$33,"日")-SUMIFS(集計!$H$3:$H$33,集計!$J$3:$J$33,1,集計!$C$3:$C$33,"祝"))/(COUNTIFS(集計!$J$3:$J$33,1)-COUNTIFS(集計!$J$3:$J$33,1,集計!$C$3:$C$33,"土")-COUNTIFS(集計!$J$3:$J$33,1,集計!$C$3:$C$33,"日")-COUNTIFS(集計!$J$3:$J$33,1,集計!$C$3:$C$33,"祝")),IF((COUNTIFS(集計!$V$3:$V$33,1)-COUNTIFS(集計!$V$3:$V$33,1,集計!$O$3:$O$33,"土")-COUNTIFS(集計!$V$3:$V$33,1,集計!$O$3:$O$33,"日")-COUNTIFS(集計!$V$3:$V$33,1,集計!$O$3:$O$33,"祝"))>0,(SUMIFS(集計!$T$3:$T$33,集計!$V$3:$V$33,1)-SUMIFS(集計!$T$3:$T$33,集計!$V$3:$V$33,1,集計!$O$3:$O$33,"土")-SUMIFS(集計!$T$3:$T$33,集計!$V$3:$V$33,1,集計!$O$3:$O$33,"日")-SUMIFS(集計!$T$3:$T$33,集計!$V$3:$V$33,1,集計!$O$3:$O$33,"祝"))/(COUNTIFS(集計!$V$3:$V$33,1)-COUNTIFS(集計!$V$3:$V$33,1,集計!$O$3:$O$33,"土")-COUNTIFS(集計!$V$3:$V$33,1,集計!$O$3:$O$33,"日")-COUNTIFS(集計!$V$3:$V$33,1,集計!$O$3:$O$33,"祝")),""))),"")
A51: 日タイプ×時刻の1日あたり平均客数（ランチ時間帯はランチ営業日のみ、ディナー時間帯は営業日の平均） ※時刻は見出しを書き換え可
A52: タイプ | B52: 11 | C52: 12 | D52: 13 | E52: 14 | F52: 15 | G52: 16 | H52: 17 | I52: 18 | J52: 19 | K52: 20 | L52: 21 | M52: 22 | N52: 23 | O52: ランチ計 | P52: ディナー計
A53: 月 | B53: =IF(AND(N(IF(B$52<設定!$B$10,$C$38,$B$38))>0,N(IF(B$52<設定!$B$10,$G$38,$F$38))>0),(設定!$B$15*IF(OR(設定!$B$4="",IF(B$52<設定!$B$10,$C$38,$B$38)=0),"",IF(B$52<設定!$B$10,SUMIFS(先月データ!$Q:$Q,先月データ!$K:$K,B$52,先月データ!$A:$A,">="&設定!$B$4,先月データ!$A:$A,"<="&EOMONTH(設定!$B$4,0),先月データ!$Z:$Z,$A53,先月データ!$AA:$AA,1),SUMIFS(先月データ!$Q:$Q,先月データ!$K:$K,B$52,先月データ!$A:$A,">="&設定!$B$4,先月データ!$A:$A,"<="&EOMONTH(設定!$B$4,0),先月データ!$Z:$Z,$A53))/IF(B$52<設定!$B$10,$C$38,$B$38))+設定!$B$16*IF(OR(設定!$B$5="",IF(B$52<設定!$B$10,$G$38,$F$38)=0),"",IF(B$52<設定!$B$10,SUMIFS(先々月データ!$Q:$Q,先々月データ!$K:$K,B$52,先々月データ!$A:$A,">="&設定!$B$5,先々月データ!$A:$A,"<="&EOMONTH(設定!$B$5,0),先々月データ!$Z:$Z,$A53,先々月データ!$AA:$AA,1),SUMIFS(先々月データ!$Q:$Q,先々月データ!$K:$K,B$52,先々月データ!$A:$A,">="&設定!$B$5,先々月データ!$A:$A,"<="&EOMONTH(設定!$B$5,0),先々月データ!$Z:$Z,$A53))/IF(B$52<設定!$B$10,$G$38,$F$38)))/(設定!$B$15+設定!$B$16),IF(N(IF(B$52<設定!$B$10,$C$38,$B$38))>0,IF(OR(設定!$B$4="",IF(B$52<設定!$B$10,$C$38,$B$38)=0),"",IF(B$52<設定!$B$10,SUMIFS(先月データ!$Q:$Q,先月データ!$K:$K,B$52,先月データ!$A:$A,">="&設定!$B$4,先月データ!$A:$A,"<="&EOMONTH(設定!$B$4,0),先月データ!$Z:$Z,$A53,先月データ!$AA:$AA,1),SUMIFS(先月データ!$Q:$Q,先月データ!$K:$K,B$52,先月データ!$A:$A,">="&設定!$B$4,先月データ!$A:$A,"<="&EOMONTH(設定!$B$4,0),先月データ!$Z:$Z,$A53))/IF(B$52<設定!$B$10,$C$38,$B$38)),IF(N(IF(B$52<設定!$B$10,$G$38,$F$38))>0,IF(OR(設定!$B$5="",IF(B$52<設定!$B$10,$G$38,$F$38)=0),"",IF(B$52<設定!$B$10,SUMIFS(先々月データ!$Q:$Q,先々月データ!$K:$K,B$52,先々月データ!$A:$A,">="&設定!$B$5,先々月データ!$A:$A,"<="&EOMONTH(設定!$B$5,0),先々月データ!$Z:$Z,$A53,先々月データ!$AA:$AA,1),SUMIFS(先々月データ!$Q:$Q,先々月データ!$K:$K,B$52,先々月データ!$A:$A,">="&設定!$B$5,先々月データ!$A:$A,"<="&EOMONTH(設定!$B$5,0),先々月データ!$Z:$Z,$A53))/IF(B$52<設定!$B$10,$G$38,$F$38)),""))) | C53: =IF(AND(N(IF(C$52<設定!$B$10,$C$38,$B$38))>0,N(IF(C$52<設定!$B$10,$G$38,$F$38))>0),(設定!$B$15*IF(OR(設定!$B$4="",IF(C$52<設定!$B$10,$C$38,$B$38)=0),"",IF(C$52<設定!$B$10,SUMIFS(先月データ!$Q:$Q,先月データ!$K:$K,C$52,先月データ!$A:$A,">="&設定!$B$4,先月データ!$A:$A,"<="&EOMONTH(設定!$B$4,0),先月データ!$Z:$Z,$A53,先月データ!$AA:$AA,1),SUMIFS(先月データ!$Q:$Q,先月データ!$K:$K,C$52,先月データ!$A:$A,">="&設定!$B$4,先月データ!$A:$A,"<="&EOMONTH(設定!$B$4,0),先月データ!$Z:$Z,$A53))/IF(C$52<設定!$B$10,$C$38,$B$38))+設定!$B$16*IF(OR(設定!$B$5="",IF(C$52<設定!$B$10,$G$38,$F$38)=0),"",IF(C$52<設定!$B$10,SUMIFS(先々月データ!$Q:$Q,先々月データ!$K:$K,C$52,先々月データ!$A:$A,">="&設定!$B$5,先々月データ!$A:$A,"<="&EOMONTH(設定!$B$5,0),先々月データ!$Z:$Z,$A53,先々月データ!$AA:$AA,1),SUMIFS(先々月データ!$Q:$Q,先々月データ!$K:$K,C$52,先々月データ!$A:$A,">="&設定!$B$5,先々月データ!$A:$A,"<="&EOMONTH(設定!$B$5,0),先々月データ!$Z:$Z,$A53))/IF(C$52<設定!$B$10,$G$38,$F$38)))/(設定!$B$15+設定!$B$16),IF(N(IF(C$52<設定!$B$10,$C$38,$B$38))>0,IF(OR(設定!$B$4="",IF(C$52<設定!$B$10,$C$38,$B$38)=0),"",IF(C$52<設定!$B$10,SUMIFS(先月データ!$Q:$Q,先月データ!$K:$K,C$52,先月データ!$A:$A,">="&設定!$B$4,先月データ!$A:$A,"<="&EOMONTH(設定!$B$4,0),先月データ!$Z:$Z,$A53,先月データ!$AA:$AA,1),SUMIFS(先月データ!$Q:$Q,先月データ!$K:$K,C$52,先月データ!$A:$A,">="&設定!$B$4,先月データ!$A:$A,"<="&EOMONTH(設定!$B$4,0),先月データ!$Z:$Z,$A53))/IF(C$52<設定!$B$10,$C$38,$B$38)),IF(N(IF(C$52<設定!$B$10,$G$38,$F$38))>0,IF(OR(設定!$B$5="",IF(C$52<設定!$B$10,$G$38,$F$38)=0),"",IF(C$52<設定!$B$10,SUMIFS(先々月データ!$Q:$Q,先々月データ!$K:$K,C$52,先々月データ!$A:$A,">="&設定!$B$5,先々月データ!$A:$A,"<="&EOMONTH(設定!$B$5,0),先々月データ!$Z:$Z,$A53,先々月データ!$AA:$AA,1),SUMIFS(先々月データ!$Q:$Q,先々月データ!$K:$K,C$52,先々月データ!$A:$A,">="&設定!$B$5,先々月データ!$A:$A,"<="&EOMONTH(設定!$B$5,0),先々月データ!$Z:$Z,$A53))/IF(C$52<設定!$B$10,$G$38,$F$38)),""))) | D53: =IF(AND(N(IF(D$52<設定!$B$10,$C$38,$B$38))>0,N(IF(D$52<設定!$B$10,$G$38,$F$38))>0),(設定!$B$15*IF(OR(設定!$B$4="",IF(D$52<設定!$B$10,$C$38,$B$38)=0),"",IF(D$52<設定!$B$10,SUMIFS(先月データ!$Q:$Q,先月データ!$K:$K,D$52,先月データ!$A:$A,">="&設定!$B$4,先月データ!$A:$A,"<="&EOMONTH(設定!$B$4,0),先月データ!$Z:$Z,$A53,先月データ!$AA:$AA,1),SUMIFS(先月データ!$Q:$Q,先月データ!$K:$K,D$52,先月データ!$A:$A,">="&設定!$B$4,先月データ!$A:$A,"<="&EOMONTH(設定!$B$4,0),先月データ!$Z:$Z,$A53))/IF(D$52<設定!$B$10,$C$38,$B$38))+設定!$B$16*IF(OR(設定!$B$5="",IF(D$52<設定!$B$10,$G$38,$F$38)=0),"",IF(D$52<設定!$B$10,SUMIFS(先々月データ!$Q:$Q,先々月データ!$K:$K,D$52,先々月データ!$A:$A,">="&設定!$B$5,先々月データ!$A:$A,"<="&EOMONTH(設定!$B$5,0),先々月データ!$Z:$Z,$A53,先々月データ!$AA:$AA,1),SUMIFS(先々月データ!$Q:$Q,先々月データ!$K:$K,D$52,先々月データ!$A:$A,">="&設定!$B$5,先々月データ!$A:$A,"<="&EOMONTH(設定!$B$5,0),先々月データ!$Z:$Z,$A53))/IF(D$52<設定!$B$10,$G$38,$F$38)))/(設定!$B$15+設定!$B$16),IF(N(IF(D$52<設定!$B$10,$C$38,$B$38))>0,IF(OR(設定!$B$4="",IF(D$52<設定!$B$10,$C$38,$B$38)=0),"",IF(D$52<設定!$B$10,SUMIFS(先月データ!$Q:$Q,先月データ!$K:$K,D$52,先月データ!$A:$A,">="&設定!$B$4,先月データ!$A:$A,"<="&EOMONTH(設定!$B$4,0),先月データ!$Z:$Z,$A53,先月データ!$AA:$AA,1),SUMIFS(先月データ!$Q:$Q,先月データ!$K:$K,D$52,先月データ!$A:$A,">="&設定!$B$4,先月データ!$A:$A,"<="&EOMONTH(設定!$B$4,0),先月データ!$Z:$Z,$A53))/IF(D$52<設定!$B$10,$C$38,$B$38)),IF(N(IF(D$52<設定!$B$10,$G$38,$F$38))>0,IF(OR(設定!$B$5="",IF(D$52<設定!$B$10,$G$38,$F$38)=0),"",IF(D$52<設定!$B$10,SUMIFS(先々月データ!$Q:$Q,先々月データ!$K:$K,D$52,先々月データ!$A:$A,">="&設定!$B$5,先々月データ!$A:$A,"<="&EOMONTH(設定!$B$5,0),先々月データ!$Z:$Z,$A53,先々月データ!$AA:$AA,1),SUMIFS(先々月データ!$Q:$Q,先々月データ!$K:$K,D$52,先々月データ!$A:$A,">="&設定!$B$5,先々月データ!$A:$A,"<="&EOMONTH(設定!$B$5,0),先々月データ!$Z:$Z,$A53))/IF(D$52<設定!$B$10,$G$38,$F$38)),""))) | E53: =IF(AND(N(IF(E$52<設定!$B$10,$C$38,$B$38))>0,N(IF(E$52<設定!$B$10,$G$38,$F$38))>0),(設定!$B$15*IF(OR(設定!$B$4="",IF(E$52<設定!$B$10,$C$38,$B$38)=0),"",IF(E$52<設定!$B$10,SUMIFS(先月データ!$Q:$Q,先月データ!$K:$K,E$52,先月データ!$A:$A,">="&設定!$B$4,先月データ!$A:$A,"<="&EOMONTH(設定!$B$4,0),先月データ!$Z:$Z,$A53,先月データ!$AA:$AA,1),SUMIFS(先月データ!$Q:$Q,先月データ!$K:$K,E$52,先月データ!$A:$A,">="&設定!$B$4,先月データ!$A:$A,"<="&EOMONTH(設定!$B$4,0),先月データ!$Z:$Z,$A53))/IF(E$52<設定!$B$10,$C$38,$B$38))+設定!$B$16*IF(OR(設定!$B$5="",IF(E$52<設定!$B$10,$G$38,$F$38)=0),"",IF(E$52<設定!$B$10,SUMIFS(先々月データ!$Q:$Q,先々月データ!$K:$K,E$52,先々月データ!$A:$A,">="&設定!$B$5,先々月データ!$A:$A,"<="&EOMONTH(設定!$B$5,0),先々月データ!$Z:$Z,$A53,先々月データ!$AA:$AA,1),SUMIFS(先々月データ!$Q:$Q,先々月データ!$K:$K,E$52,先々月データ!$A:$A,">="&設定!$B$5,先々月データ!$A:$A,"<="&EOMONTH(設定!$B$5,0),先々月データ!$Z:$Z,$A53))/IF(E$52<設定!$B$10,$G$38,$F$38)))/(設定!$B$15+設定!$B$16),IF(N(IF(E$52<設定!$B$10,$C$38,$B$38))>0,IF(OR(設定!$B$4="",IF(E$52<設定!$B$10,$C$38,$B$38)=0),"",IF(E$52<設定!$B$10,SUMIFS(先月データ!$Q:$Q,先月データ!$K:$K,E$52,先月データ!$A:$A,">="&設定!$B$4,先月データ!$A:$A,"<="&EOMONTH(設定!$B$4,0),先月データ!$Z:$Z,$A53,先月データ!$AA:$AA,1),SUMIFS(先月データ!$Q:$Q,先月データ!$K:$K,E$52,先月データ!$A:$A,">="&設定!$B$4,先月データ!$A:$A,"<="&EOMONTH(設定!$B$4,0),先月データ!$Z:$Z,$A53))/IF(E$52<設定!$B$10,$C$38,$B$38)),IF(N(IF(E$52<設定!$B$10,$G$38,$F$38))>0,IF(OR(設定!$B$5="",IF(E$52<設定!$B$10,$G$38,$F$38)=0),"",IF(E$52<設定!$B$10,SUMIFS(先々月データ!$Q:$Q,先々月データ!$K:$K,E$52,先々月データ!$A:$A,">="&設定!$B$5,先々月データ!$A:$A,"<="&EOMONTH(設定!$B$5,0),先々月データ!$Z:$Z,$A53,先々月データ!$AA:$AA,1),SUMIFS(先々月データ!$Q:$Q,先々月データ!$K:$K,E$52,先々月データ!$A:$A,">="&設定!$B$5,先々月データ!$A:$A,"<="&EOMONTH(設定!$B$5,0),先々月データ!$Z:$Z,$A53))/IF(E$52<設定!$B$10,$G$38,$F$38)),""))) | F53: =IF(AND(N(IF(F$52<設定!$B$10,$C$38,$B$38))>0,N(IF(F$52<設定!$B$10,$G$38,$F$38))>0),(設定!$B$15*IF(OR(設定!$B$4="",IF(F$52<設定!$B$10,$C$38,$B$38)=0),"",IF(F$52<設定!$B$10,SUMIFS(先月データ!$Q:$Q,先月データ!$K:$K,F$52,先月データ!$A:$A,">="&設定!$B$4,先月データ!$A:$A,"<="&EOMONTH(設定!$B$4,0),先月データ!$Z:$Z,$A53,先月データ!$AA:$AA,1),SUMIFS(先月データ!$Q:$Q,先月データ!$K:$K,F$52,先月データ!$A:$A,">="&設定!$B$4,先月データ!$A:$A,"<="&EOMONTH(設定!$B$4,0),先月データ!$Z:$Z,$A53))/IF(F$52<設定!$B$10,$C$38,$B$38))+設定!$B$16*IF(OR(設定!$B$5="",IF(F$52<設定!$B$10,$G$38,$F$38)=0),"",IF(F$52<設定!$B$10,SUMIFS(先々月データ!$Q:$Q,先々月データ!$K:$K,F$52,先々月データ!$A:$A,">="&設定!$B$5,先々月データ!$A:$A,"<="&EOMONTH(設定!$B$5,0),先々月データ!$Z:$Z,$A53,先々月データ!$AA:$AA,1),SUMIFS(先々月データ!$Q:$Q,先々月データ!$K:$K,F$52,先々月データ!$A:$A,">="&設定!$B$5,先々月データ!$A:$A,"<="&EOMONTH(設定!$B$5,0),先々月データ!$Z:$Z,$A53))/IF(F$52<設定!$B$10,$G$38,$F$38)))/(設定!$B$15+設定!$B$16),IF(N(IF(F$52<設定!$B$10,$C$38,$B$38))>0,IF(OR(設定!$B$4="",IF(F$52<設定!$B$10,$C$38,$B$38)=0),"",IF(F$52<設定!$B$10,SUMIFS(先月データ!$Q:$Q,先月データ!$K:$K,F$52,先月データ!$A:$A,">="&設定!$B$4,先月データ!$A:$A,"<="&EOMONTH(設定!$B$4,0),先月データ!$Z:$Z,$A53,先月データ!$AA:$AA,1),SUMIFS(先月データ!$Q:$Q,先月データ!$K:$K,F$52,先月データ!$A:$A,">="&設定!$B$4,先月データ!$A:$A,"<="&EOMONTH(設定!$B$4,0),先月データ!$Z:$Z,$A53))/IF(F$52<設定!$B$10,$C$38,$B$38)),IF(N(IF(F$52<設定!$B$10,$G$38,$F$38))>0,IF(OR(設定!$B$5="",IF(F$52<設定!$B$10,$G$38,$F$38)=0),"",IF(F$52<設定!$B$10,SUMIFS(先々月データ!$Q:$Q,先々月データ!$K:$K,F$52,先々月データ!$A:$A,">="&設定!$B$5,先々月データ!$A:$A,"<="&EOMONTH(設定!$B$5,0),先々月データ!$Z:$Z,$A53,先々月データ!$AA:$AA,1),SUMIFS(先々月データ!$Q:$Q,先々月データ!$K:$K,F$52,先々月データ!$A:$A,">="&設定!$B$5,先々月データ!$A:$A,"<="&EOMONTH(設定!$B$5,0),先々月データ!$Z:$Z,$A53))/IF(F$52<設定!$B$10,$G$38,$F$38)),""))) | G53: =IF(AND(N(IF(G$52<設定!$B$10,$C$38,$B$38))>0,N(IF(G$52<設定!$B$10,$G$38,$F$38))>0),(設定!$B$15*IF(OR(設定!$B$4="",IF(G$52<設定!$B$10,$C$38,$B$38)=0),"",IF(G$52<設定!$B$10,SUMIFS(先月データ!$Q:$Q,先月データ!$K:$K,G$52,先月データ!$A:$A,">="&設定!$B$4,先月データ!$A:$A,"<="&EOMONTH(設定!$B$4,0),先月データ!$Z:$Z,$A53,先月データ!$AA:$AA,1),SUMIFS(先月データ!$Q:$Q,先月データ!$K:$K,G$52,先月データ!$A:$A,">="&設定!$B$4,先月データ!$A:$A,"<="&EOMONTH(設定!$B$4,0),先月データ!$Z:$Z,$A53))/IF(G$52<設定!$B$10,$C$38,$B$38))+設定!$B$16*IF(OR(設定!$B$5="",IF(G$52<設定!$B$10,$G$38,$F$38)=0),"",IF(G$52<設定!$B$10,SUMIFS(先々月データ!$Q:$Q,先々月データ!$K:$K,G$52,先々月データ!$A:$A,">="&設定!$B$5,先々月データ!$A:$A,"<="&EOMONTH(設定!$B$5,0),先々月データ!$Z:$Z,$A53,先々月データ!$AA:$AA,1),SUMIFS(先々月データ!$Q:$Q,先々月データ!$K:$K,G$52,先々月データ!$A:$A,">="&設定!$B$5,先々月データ!$A:$A,"<="&EOMONTH(設定!$B$5,0),先々月データ!$Z:$Z,$A53))/IF(G$52<設定!$B$10,$G$38,$F$38)))/(設定!$B$15+設定!$B$16),IF(N(IF(G$52<設定!$B$10,$C$38,$B$38))>0,IF(OR(設定!$B$4="",IF(G$52<設定!$B$10,$C$38,$B$38)=0),"",IF(G$52<設定!$B$10,SUMIFS(先月データ!$Q:$Q,先月データ!$K:$K,G$52,先月データ!$A:$A,">="&設定!$B$4,先月データ!$A:$A,"<="&EOMONTH(設定!$B$4,0),先月データ!$Z:$Z,$A53,先月データ!$AA:$AA,1),SUMIFS(先月データ!$Q:$Q,先月データ!$K:$K,G$52,先月データ!$A:$A,">="&設定!$B$4,先月データ!$A:$A,"<="&EOMONTH(設定!$B$4,0),先月データ!$Z:$Z,$A53))/IF(G$52<設定!$B$10,$C$38,$B$38)),IF(N(IF(G$52<設定!$B$10,$G$38,$F$38))>0,IF(OR(設定!$B$5="",IF(G$52<設定!$B$10,$G$38,$F$38)=0),"",IF(G$52<設定!$B$10,SUMIFS(先々月データ!$Q:$Q,先々月データ!$K:$K,G$52,先々月データ!$A:$A,">="&設定!$B$5,先々月データ!$A:$A,"<="&EOMONTH(設定!$B$5,0),先々月データ!$Z:$Z,$A53,先々月データ!$AA:$AA,1),SUMIFS(先々月データ!$Q:$Q,先々月データ!$K:$K,G$52,先々月データ!$A:$A,">="&設定!$B$5,先々月データ!$A:$A,"<="&EOMONTH(設定!$B$5,0),先々月データ!$Z:$Z,$A53))/IF(G$52<設定!$B$10,$G$38,$F$38)),""))) | H53: =IF(AND(N(IF(H$52<設定!$B$10,$C$38,$B$38))>0,N(IF(H$52<設定!$B$10,$G$38,$F$38))>0),(設定!$B$15*IF(OR(設定!$B$4="",IF(H$52<設定!$B$10,$C$38,$B$38)=0),"",IF(H$52<設定!$B$10,SUMIFS(先月データ!$Q:$Q,先月データ!$K:$K,H$52,先月データ!$A:$A,">="&設定!$B$4,先月データ!$A:$A,"<="&EOMONTH(設定!$B$4,0),先月データ!$Z:$Z,$A53,先月データ!$AA:$AA,1),SUMIFS(先月データ!$Q:$Q,先月データ!$K:$K,H$52,先月データ!$A:$A,">="&設定!$B$4,先月データ!$A:$A,"<="&EOMONTH(設定!$B$4,0),先月データ!$Z:$Z,$A53))/IF(H$52<設定!$B$10,$C$38,$B$38))+設定!$B$16*IF(OR(設定!$B$5="",IF(H$52<設定!$B$10,$G$38,$F$38)=0),"",IF(H$52<設定!$B$10,SUMIFS(先々月データ!$Q:$Q,先々月データ!$K:$K,H$52,先々月データ!$A:$A,">="&設定!$B$5,先々月データ!$A:$A,"<="&EOMONTH(設定!$B$5,0),先々月データ!$Z:$Z,$A53,先々月データ!$AA:$AA,1),SUMIFS(先々月データ!$Q:$Q,先々月データ!$K:$K,H$52,先々月データ!$A:$A,">="&設定!$B$5,先々月データ!$A:$A,"<="&EOMONTH(設定!$B$5,0),先々月データ!$Z:$Z,$A53))/IF(H$52<設定!$B$10,$G$38,$F$38)))/(設定!$B$15+設定!$B$16),IF(N(IF(H$52<設定!$B$10,$C$38,$B$38))>0,IF(OR(設定!$B$4="",IF(H$52<設定!$B$10,$C$38,$B$38)=0),"",IF(H$52<設定!$B$10,SUMIFS(先月データ!$Q:$Q,先月データ!$K:$K,H$52,先月データ!$A:$A,">="&設定!$B$4,先月データ!$A:$A,"<="&EOMONTH(設定!$B$4,0),先月データ!$Z:$Z,$A53,先月データ!$AA:$AA,1),SUMIFS(先月データ!$Q:$Q,先月データ!$K:$K,H$52,先月データ!$A:$A,">="&設定!$B$4,先月データ!$A:$A,"<="&EOMONTH(設定!$B$4,0),先月データ!$Z:$Z,$A53))/IF(H$52<設定!$B$10,$C$38,$B$38)),IF(N(IF(H$52<設定!$B$10,$G$38,$F$38))>0,IF(OR(設定!$B$5="",IF(H$52<設定!$B$10,$G$38,$F$38)=0),"",IF(H$52<設定!$B$10,SUMIFS(先々月データ!$Q:$Q,先々月データ!$K:$K,H$52,先々月データ!$A:$A,">="&設定!$B$5,先々月データ!$A:$A,"<="&EOMONTH(設定!$B$5,0),先々月データ!$Z:$Z,$A53,先々月データ!$AA:$AA,1),SUMIFS(先々月データ!$Q:$Q,先々月データ!$K:$K,H$52,先々月データ!$A:$A,">="&設定!$B$5,先々月データ!$A:$A,"<="&EOMONTH(設定!$B$5,0),先々月データ!$Z:$Z,$A53))/IF(H$52<設定!$B$10,$G$38,$F$38)),""))) | I53: =IF(AND(N(IF(I$52<設定!$B$10,$C$38,$B$38))>0,N(IF(I$52<設定!$B$10,$G$38,$F$38))>0),(設定!$B$15*IF(OR(設定!$B$4="",IF(I$52<設定!$B$10,$C$38,$B$38)=0),"",IF(I$52<設定!$B$10,SUMIFS(先月データ!$Q:$Q,先月データ!$K:$K,I$52,先月データ!$A:$A,">="&設定!$B$4,先月データ!$A:$A,"<="&EOMONTH(設定!$B$4,0),先月データ!$Z:$Z,$A53,先月データ!$AA:$AA,1),SUMIFS(先月データ!$Q:$Q,先月データ!$K:$K,I$52,先月データ!$A:$A,">="&設定!$B$4,先月データ!$A:$A,"<="&EOMONTH(設定!$B$4,0),先月データ!$Z:$Z,$A53))/IF(I$52<設定!$B$10,$C$38,$B$38))+設定!$B$16*IF(OR(設定!$B$5="",IF(I$52<設定!$B$10,$G$38,$F$38)=0),"",IF(I$52<設定!$B$10,SUMIFS(先々月データ!$Q:$Q,先々月データ!$K:$K,I$52,先々月データ!$A:$A,">="&設定!$B$5,先々月データ!$A:$A,"<="&EOMONTH(設定!$B$5,0),先々月データ!$Z:$Z,$A53,先々月データ!$AA:$AA,1),SUMIFS(先々月データ!$Q:$Q,先々月データ!$K:$K,I$52,先々月データ!$A:$A,">="&設定!$B$5,先々月データ!$A:$A,"<="&EOMONTH(設定!$B$5,0),先々月データ!$Z:$Z,$A53))/IF(I$52<設定!$B$10,$G$38,$F$38)))/(設定!$B$15+設定!$B$16),IF(N(IF(I$52<設定!$B$10,$C$38,$B$38))>0,IF(OR(設定!$B$4="",IF(I$52<設定!$B$10,$C$38,$B$38)=0),"",IF(I$52<設定!$B$10,SUMIFS(先月データ!$Q:$Q,先月データ!$K:$K,I$52,先月データ!$A:$A,">="&設定!$B$4,先月データ!$A:$A,"<="&EOMONTH(設定!$B$4,0),先月データ!$Z:$Z,$A53,先月データ!$AA:$AA,1),SUMIFS(先月データ!$Q:$Q,先月データ!$K:$K,I$52,先月データ!$A:$A,">="&設定!$B$4,先月データ!$A:$A,"<="&EOMONTH(設定!$B$4,0),先月データ!$Z:$Z,$A53))/IF(I$52<設定!$B$10,$C$38,$B$38)),IF(N(IF(I$52<設定!$B$10,$G$38,$F$38))>0,IF(OR(設定!$B$5="",IF(I$52<設定!$B$10,$G$38,$F$38)=0),"",IF(I$52<設定!$B$10,SUMIFS(先々月データ!$Q:$Q,先々月データ!$K:$K,I$52,先々月データ!$A:$A,">="&設定!$B$5,先々月データ!$A:$A,"<="&EOMONTH(設定!$B$5,0),先々月データ!$Z:$Z,$A53,先々月データ!$AA:$AA,1),SUMIFS(先々月データ!$Q:$Q,先々月データ!$K:$K,I$52,先々月データ!$A:$A,">="&設定!$B$5,先々月データ!$A:$A,"<="&EOMONTH(設定!$B$5,0),先々月データ!$Z:$Z,$A53))/IF(I$52<設定!$B$10,$G$38,$F$38)),""))) | ... N53: =IF(AND(N(IF(N$52<設定!$B$10,$C$38,$B$38))>0,N(IF(N$52<設定!$B$10,$G$38,$F$38))>0),(設定!$B$15*IF(OR(設定!$B$4="",IF(N$52<設定!$B$10,$C$38,$B$38)=0),"",IF(N$52<設定!$B$10,SUMIFS(先月データ!$Q:$Q,先月データ!$K:$K,N$52,先月データ!$A:$A,">="&設定!$B$4,先月データ!$A:$A,"<="&EOMONTH(設定!$B$4,0),先月データ!$Z:$Z,$A53,先月データ!$AA:$AA,1),SUMIFS(先月データ!$Q:$Q,先月データ!$K:$K,N$52,先月データ!$A:$A,">="&設定!$B$4,先月データ!$A:$A,"<="&EOMONTH(設定!$B$4,0),先月データ!$Z:$Z,$A53))/IF(N$52<設定!$B$10,$C$38,$B$38))+設定!$B$16*IF(OR(設定!$B$5="",IF(N$52<設定!$B$10,$G$38,$F$38)=0),"",IF(N$52<設定!$B$10,SUMIFS(先々月データ!$Q:$Q,先々月データ!$K:$K,N$52,先々月データ!$A:$A,">="&設定!$B$5,先々月データ!$A:$A,"<="&EOMONTH(設定!$B$5,0),先々月データ!$Z:$Z,$A53,先々月データ!$AA:$AA,1),SUMIFS(先々月データ!$Q:$Q,先々月データ!$K:$K,N$52,先々月データ!$A:$A,">="&設定!$B$5,先々月データ!$A:$A,"<="&EOMONTH(設定!$B$5,0),先々月データ!$Z:$Z,$A53))/IF(N$52<設定!$B$10,$G$38,$F$38)))/(設定!$B$15+設定!$B$16),IF(N(IF(N$52<設定!$B$10,$C$38,$B$38))>0,IF(OR(設定!$B$4="",IF(N$52<設定!$B$10,$C$38,$B$38)=0),"",IF(N$52<設定!$B$10,SUMIFS(先月データ!$Q:$Q,先月データ!$K:$K,N$52,先月データ!$A:$A,">="&設定!$B$4,先月データ!$A:$A,"<="&EOMONTH(設定!$B$4,0),先月データ!$Z:$Z,$A53,先月データ!$AA:$AA,1),SUMIFS(先月データ!$Q:$Q,先月データ!$K:$K,N$52,先月データ!$A:$A,">="&設定!$B$4,先月データ!$A:$A,"<="&EOMONTH(設定!$B$4,0),先月データ!$Z:$Z,$A53))/IF(N$52<設定!$B$10,$C$38,$B$38)),IF(N(IF(N$52<設定!$B$10,$G$38,$F$38))>0,IF(OR(設定!$B$5="",IF(N$52<設定!$B$10,$G$38,$F$38)=0),"",IF(N$52<設定!$B$10,SUMIFS(先々月データ!$Q:$Q,先々月データ!$K:$K,N$52,先々月データ!$A:$A,">="&設定!$B$5,先々月データ!$A:$A,"<="&EOMONTH(設定!$B$5,0),先々月データ!$Z:$Z,$A53,先々月データ!$AA:$AA,1),SUMIFS(先々月データ!$Q:$Q,先々月データ!$K:$K,N$52,先々月データ!$A:$A,">="&設定!$B$5,先々月データ!$A:$A,"<="&EOMONTH(設定!$B$5,0),先々月データ!$Z:$Z,$A53))/IF(N$52<設定!$B$10,$G$38,$F$38)),""))) | O53: =SUMIF($B$52:$N$52,"<"&設定!$B$10,B53:N53) -> 0 | P53: =SUMIF($B$52:$N$52,">="&設定!$B$10,B53:N53) -> 0
A54: 火 | B54: =IF(AND(N(IF(B$52<設定!$B$10,$C$39,$B$39))>0,N(IF(B$52<設定!$B$10,$G$39,$F$39))>0),(設定!$B$15*IF(OR(設定!$B$4="",IF(B$52<設定!$B$10,$C$39,$B$39)=0),"",IF(B$52<設定!$B$10,SUMIFS(先月データ!$Q:$Q,先月データ!$K:$K,B$52,先月データ!$A:$A,">="&設定!$B$4,先月データ!$A:$A,"<="&EOMONTH(設定!$B$4,0),先月データ!$Z:$Z,$A54,先月データ!$AA:$AA,1),SUMIFS(先月データ!$Q:$Q,先月データ!$K:$K,B$52,先月データ!$A:$A,">="&設定!$B$4,先月データ!$A:$A,"<="&EOMONTH(設定!$B$4,0),先月データ!$Z:$Z,$A54))/IF(B$52<設定!$B$10,$C$39,$B$39))+設定!$B$16*IF(OR(設定!$B$5="",IF(B$52<設定!$B$10,$G$39,$F$39)=0),"",IF(B$52<設定!$B$10,SUMIFS(先々月データ!$Q:$Q,先々月データ!$K:$K,B$52,先々月データ!$A:$A,">="&設定!$B$5,先々月データ!$A:$A,"<="&EOMONTH(設定!$B$5,0),先々月データ!$Z:$Z,$A54,先々月データ!$AA:$AA,1),SUMIFS(先々月データ!$Q:$Q,先々月データ!$K:$K,B$52,先々月データ!$A:$A,">="&設定!$B$5,先々月データ!$A:$A,"<="&EOMONTH(設定!$B$5,0),先々月データ!$Z:$Z,$A54))/IF(B$52<設定!$B$10,$G$39,$F$39)))/(設定!$B$15+設定!$B$16),IF(N(IF(B$52<設定!$B$10,$C$39,$B$39))>0,IF(OR(設定!$B$4="",IF(B$52<設定!$B$10,$C$39,$B$39)=0),"",IF(B$52<設定!$B$10,SUMIFS(先月データ!$Q:$Q,先月データ!$K:$K,B$52,先月データ!$A:$A,">="&設定!$B$4,先月データ!$A:$A,"<="&EOMONTH(設定!$B$4,0),先月データ!$Z:$Z,$A54,先月データ!$AA:$AA,1),SUMIFS(先月データ!$Q:$Q,先月データ!$K:$K,B$52,先月データ!$A:$A,">="&設定!$B$4,先月データ!$A:$A,"<="&EOMONTH(設定!$B$4,0),先月データ!$Z:$Z,$A54))/IF(B$52<設定!$B$10,$C$39,$B$39)),IF(N(IF(B$52<設定!$B$10,$G$39,$F$39))>0,IF(OR(設定!$B$5="",IF(B$52<設定!$B$10,$G$39,$F$39)=0),"",IF(B$52<設定!$B$10,SUMIFS(先々月データ!$Q:$Q,先々月データ!$K:$K,B$52,先々月データ!$A:$A,">="&設定!$B$5,先々月データ!$A:$A,"<="&EOMONTH(設定!$B$5,0),先々月データ!$Z:$Z,$A54,先々月データ!$AA:$AA,1),SUMIFS(先々月データ!$Q:$Q,先々月データ!$K:$K,B$52,先々月データ!$A:$A,">="&設定!$B$5,先々月データ!$A:$A,"<="&EOMONTH(設定!$B$5,0),先々月データ!$Z:$Z,$A54))/IF(B$52<設定!$B$10,$G$39,$F$39)),""))) | C54: =IF(AND(N(IF(C$52<設定!$B$10,$C$39,$B$39))>0,N(IF(C$52<設定!$B$10,$G$39,$F$39))>0),(設定!$B$15*IF(OR(設定!$B$4="",IF(C$52<設定!$B$10,$C$39,$B$39)=0),"",IF(C$52<設定!$B$10,SUMIFS(先月データ!$Q:$Q,先月データ!$K:$K,C$52,先月データ!$A:$A,">="&設定!$B$4,先月データ!$A:$A,"<="&EOMONTH(設定!$B$4,0),先月データ!$Z:$Z,$A54,先月データ!$AA:$AA,1),SUMIFS(先月データ!$Q:$Q,先月データ!$K:$K,C$52,先月データ!$A:$A,">="&設定!$B$4,先月データ!$A:$A,"<="&EOMONTH(設定!$B$4,0),先月データ!$Z:$Z,$A54))/IF(C$52<設定!$B$10,$C$39,$B$39))+設定!$B$16*IF(OR(設定!$B$5="",IF(C$52<設定!$B$10,$G$39,$F$39)=0),"",IF(C$52<設定!$B$10,SUMIFS(先々月データ!$Q:$Q,先々月データ!$K:$K,C$52,先々月データ!$A:$A,">="&設定!$B$5,先々月データ!$A:$A,"<="&EOMONTH(設定!$B$5,0),先々月データ!$Z:$Z,$A54,先々月データ!$AA:$AA,1),SUMIFS(先々月データ!$Q:$Q,先々月データ!$K:$K,C$52,先々月データ!$A:$A,">="&設定!$B$5,先々月データ!$A:$A,"<="&EOMONTH(設定!$B$5,0),先々月データ!$Z:$Z,$A54))/IF(C$52<設定!$B$10,$G$39,$F$39)))/(設定!$B$15+設定!$B$16),IF(N(IF(C$52<設定!$B$10,$C$39,$B$39))>0,IF(OR(設定!$B$4="",IF(C$52<設定!$B$10,$C$39,$B$39)=0),"",IF(C$52<設定!$B$10,SUMIFS(先月データ!$Q:$Q,先月データ!$K:$K,C$52,先月データ!$A:$A,">="&設定!$B$4,先月データ!$A:$A,"<="&EOMONTH(設定!$B$4,0),先月データ!$Z:$Z,$A54,先月データ!$AA:$AA,1),SUMIFS(先月データ!$Q:$Q,先月データ!$K:$K,C$52,先月データ!$A:$A,">="&設定!$B$4,先月データ!$A:$A,"<="&EOMONTH(設定!$B$4,0),先月データ!$Z:$Z,$A54))/IF(C$52<設定!$B$10,$C$39,$B$39)),IF(N(IF(C$52<設定!$B$10,$G$39,$F$39))>0,IF(OR(設定!$B$5="",IF(C$52<設定!$B$10,$G$39,$F$39)=0),"",IF(C$52<設定!$B$10,SUMIFS(先々月データ!$Q:$Q,先々月データ!$K:$K,C$52,先々月データ!$A:$A,">="&設定!$B$5,先々月データ!$A:$A,"<="&EOMONTH(設定!$B$5,0),先々月データ!$Z:$Z,$A54,先々月データ!$AA:$AA,1),SUMIFS(先々月データ!$Q:$Q,先々月データ!$K:$K,C$52,先々月データ!$A:$A,">="&設定!$B$5,先々月データ!$A:$A,"<="&EOMONTH(設定!$B$5,0),先々月データ!$Z:$Z,$A54))/IF(C$52<設定!$B$10,$G$39,$F$39)),""))) | D54: =IF(AND(N(IF(D$52<設定!$B$10,$C$39,$B$39))>0,N(IF(D$52<設定!$B$10,$G$39,$F$39))>0),(設定!$B$15*IF(OR(設定!$B$4="",IF(D$52<設定!$B$10,$C$39,$B$39)=0),"",IF(D$52<設定!$B$10,SUMIFS(先月データ!$Q:$Q,先月データ!$K:$K,D$52,先月データ!$A:$A,">="&設定!$B$4,先月データ!$A:$A,"<="&EOMONTH(設定!$B$4,0),先月データ!$Z:$Z,$A54,先月データ!$AA:$AA,1),SUMIFS(先月データ!$Q:$Q,先月データ!$K:$K,D$52,先月データ!$A:$A,">="&設定!$B$4,先月データ!$A:$A,"<="&EOMONTH(設定!$B$4,0),先月データ!$Z:$Z,$A54))/IF(D$52<設定!$B$10,$C$39,$B$39))+設定!$B$16*IF(OR(設定!$B$5="",IF(D$52<設定!$B$10,$G$39,$F$39)=0),"",IF(D$52<設定!$B$10,SUMIFS(先々月データ!$Q:$Q,先々月データ!$K:$K,D$52,先々月データ!$A:$A,">="&設定!$B$5,先々月データ!$A:$A,"<="&EOMONTH(設定!$B$5,0),先々月データ!$Z:$Z,$A54,先々月データ!$AA:$AA,1),SUMIFS(先々月データ!$Q:$Q,先々月データ!$K:$K,D$52,先々月データ!$A:$A,">="&設定!$B$5,先々月データ!$A:$A,"<="&EOMONTH(設定!$B$5,0),先々月データ!$Z:$Z,$A54))/IF(D$52<設定!$B$10,$G$39,$F$39)))/(設定!$B$15+設定!$B$16),IF(N(IF(D$52<設定!$B$10,$C$39,$B$39))>0,IF(OR(設定!$B$4="",IF(D$52<設定!$B$10,$C$39,$B$39)=0),"",IF(D$52<設定!$B$10,SUMIFS(先月データ!$Q:$Q,先月データ!$K:$K,D$52,先月データ!$A:$A,">="&設定!$B$4,先月データ!$A:$A,"<="&EOMONTH(設定!$B$4,0),先月データ!$Z:$Z,$A54,先月データ!$AA:$AA,1),SUMIFS(先月データ!$Q:$Q,先月データ!$K:$K,D$52,先月データ!$A:$A,">="&設定!$B$4,先月データ!$A:$A,"<="&EOMONTH(設定!$B$4,0),先月データ!$Z:$Z,$A54))/IF(D$52<設定!$B$10,$C$39,$B$39)),IF(N(IF(D$52<設定!$B$10,$G$39,$F$39))>0,IF(OR(設定!$B$5="",IF(D$52<設定!$B$10,$G$39,$F$39)=0),"",IF(D$52<設定!$B$10,SUMIFS(先々月データ!$Q:$Q,先々月データ!$K:$K,D$52,先々月データ!$A:$A,">="&設定!$B$5,先々月データ!$A:$A,"<="&EOMONTH(設定!$B$5,0),先々月データ!$Z:$Z,$A54,先々月データ!$AA:$AA,1),SUMIFS(先々月データ!$Q:$Q,先々月データ!$K:$K,D$52,先々月データ!$A:$A,">="&設定!$B$5,先々月データ!$A:$A,"<="&EOMONTH(設定!$B$5,0),先々月データ!$Z:$Z,$A54))/IF(D$52<設定!$B$10,$G$39,$F$39)),""))) | E54: =IF(AND(N(IF(E$52<設定!$B$10,$C$39,$B$39))>0,N(IF(E$52<設定!$B$10,$G$39,$F$39))>0),(設定!$B$15*IF(OR(設定!$B$4="",IF(E$52<設定!$B$10,$C$39,$B$39)=0),"",IF(E$52<設定!$B$10,SUMIFS(先月データ!$Q:$Q,先月データ!$K:$K,E$52,先月データ!$A:$A,">="&設定!$B$4,先月データ!$A:$A,"<="&EOMONTH(設定!$B$4,0),先月データ!$Z:$Z,$A54,先月データ!$AA:$AA,1),SUMIFS(先月データ!$Q:$Q,先月データ!$K:$K,E$52,先月データ!$A:$A,">="&設定!$B$4,先月データ!$A:$A,"<="&EOMONTH(設定!$B$4,0),先月データ!$Z:$Z,$A54))/IF(E$52<設定!$B$10,$C$39,$B$39))+設定!$B$16*IF(OR(設定!$B$5="",IF(E$52<設定!$B$10,$G$39,$F$39)=0),"",IF(E$52<設定!$B$10,SUMIFS(先々月データ!$Q:$Q,先々月データ!$K:$K,E$52,先々月データ!$A:$A,">="&設定!$B$5,先々月データ!$A:$A,"<="&EOMONTH(設定!$B$5,0),先々月データ!$Z:$Z,$A54,先々月データ!$AA:$AA,1),SUMIFS(先々月データ!$Q:$Q,先々月データ!$K:$K,E$52,先々月データ!$A:$A,">="&設定!$B$5,先々月データ!$A:$A,"<="&EOMONTH(設定!$B$5,0),先々月データ!$Z:$Z,$A54))/IF(E$52<設定!$B$10,$G$39,$F$39)))/(設定!$B$15+設定!$B$16),IF(N(IF(E$52<設定!$B$10,$C$39,$B$39))>0,IF(OR(設定!$B$4="",IF(E$52<設定!$B$10,$C$39,$B$39)=0),"",IF(E$52<設定!$B$10,SUMIFS(先月データ!$Q:$Q,先月データ!$K:$K,E$52,先月データ!$A:$A,">="&設定!$B$4,先月データ!$A:$A,"<="&EOMONTH(設定!$B$4,0),先月データ!$Z:$Z,$A54,先月データ!$AA:$AA,1),SUMIFS(先月データ!$Q:$Q,先月データ!$K:$K,E$52,先月データ!$A:$A,">="&設定!$B$4,先月データ!$A:$A,"<="&EOMONTH(設定!$B$4,0),先月データ!$Z:$Z,$A54))/IF(E$52<設定!$B$10,$C$39,$B$39)),IF(N(IF(E$52<設定!$B$10,$G$39,$F$39))>0,IF(OR(設定!$B$5="",IF(E$52<設定!$B$10,$G$39,$F$39)=0),"",IF(E$52<設定!$B$10,SUMIFS(先々月データ!$Q:$Q,先々月データ!$K:$K,E$52,先々月データ!$A:$A,">="&設定!$B$5,先々月データ!$A:$A,"<="&EOMONTH(設定!$B$5,0),先々月データ!$Z:$Z,$A54,先々月データ!$AA:$AA,1),SUMIFS(先々月データ!$Q:$Q,先々月データ!$K:$K,E$52,先々月データ!$A:$A,">="&設定!$B$5,先々月データ!$A:$A,"<="&EOMONTH(設定!$B$5,0),先々月データ!$Z:$Z,$A54))/IF(E$52<設定!$B$10,$G$39,$F$39)),""))) | F54: =IF(AND(N(IF(F$52<設定!$B$10,$C$39,$B$39))>0,N(IF(F$52<設定!$B$10,$G$39,$F$39))>0),(設定!$B$15*IF(OR(設定!$B$4="",IF(F$52<設定!$B$10,$C$39,$B$39)=0),"",IF(F$52<設定!$B$10,SUMIFS(先月データ!$Q:$Q,先月データ!$K:$K,F$52,先月データ!$A:$A,">="&設定!$B$4,先月データ!$A:$A,"<="&EOMONTH(設定!$B$4,0),先月データ!$Z:$Z,$A54,先月データ!$AA:$AA,1),SUMIFS(先月データ!$Q:$Q,先月データ!$K:$K,F$52,先月データ!$A:$A,">="&設定!$B$4,先月データ!$A:$A,"<="&EOMONTH(設定!$B$4,0),先月データ!$Z:$Z,$A54))/IF(F$52<設定!$B$10,$C$39,$B$39))+設定!$B$16*IF(OR(設定!$B$5="",IF(F$52<設定!$B$10,$G$39,$F$39)=0),"",IF(F$52<設定!$B$10,SUMIFS(先々月データ!$Q:$Q,先々月データ!$K:$K,F$52,先々月データ!$A:$A,">="&設定!$B$5,先々月データ!$A:$A,"<="&EOMONTH(設定!$B$5,0),先々月データ!$Z:$Z,$A54,先々月データ!$AA:$AA,1),SUMIFS(先々月データ!$Q:$Q,先々月データ!$K:$K,F$52,先々月データ!$A:$A,">="&設定!$B$5,先々月データ!$A:$A,"<="&EOMONTH(設定!$B$5,0),先々月データ!$Z:$Z,$A54))/IF(F$52<設定!$B$10,$G$39,$F$39)))/(設定!$B$15+設定!$B$16),IF(N(IF(F$52<設定!$B$10,$C$39,$B$39))>0,IF(OR(設定!$B$4="",IF(F$52<設定!$B$10,$C$39,$B$39)=0),"",IF(F$52<設定!$B$10,SUMIFS(先月データ!$Q:$Q,先月データ!$K:$K,F$52,先月データ!$A:$A,">="&設定!$B$4,先月データ!$A:$A,"<="&EOMONTH(設定!$B$4,0),先月データ!$Z:$Z,$A54,先月データ!$AA:$AA,1),SUMIFS(先月データ!$Q:$Q,先月データ!$K:$K,F$52,先月データ!$A:$A,">="&設定!$B$4,先月データ!$A:$A,"<="&EOMONTH(設定!$B$4,0),先月データ!$Z:$Z,$A54))/IF(F$52<設定!$B$10,$C$39,$B$39)),IF(N(IF(F$52<設定!$B$10,$G$39,$F$39))>0,IF(OR(設定!$B$5="",IF(F$52<設定!$B$10,$G$39,$F$39)=0),"",IF(F$52<設定!$B$10,SUMIFS(先々月データ!$Q:$Q,先々月データ!$K:$K,F$52,先々月データ!$A:$A,">="&設定!$B$5,先々月データ!$A:$A,"<="&EOMONTH(設定!$B$5,0),先々月データ!$Z:$Z,$A54,先々月データ!$AA:$AA,1),SUMIFS(先々月データ!$Q:$Q,先々月データ!$K:$K,F$52,先々月データ!$A:$A,">="&設定!$B$5,先々月データ!$A:$A,"<="&EOMONTH(設定!$B$5,0),先々月データ!$Z:$Z,$A54))/IF(F$52<設定!$B$10,$G$39,$F$39)),""))) | G54: =IF(AND(N(IF(G$52<設定!$B$10,$C$39,$B$39))>0,N(IF(G$52<設定!$B$10,$G$39,$F$39))>0),(設定!$B$15*IF(OR(設定!$B$4="",IF(G$52<設定!$B$10,$C$39,$B$39)=0),"",IF(G$52<設定!$B$10,SUMIFS(先月データ!$Q:$Q,先月データ!$K:$K,G$52,先月データ!$A:$A,">="&設定!$B$4,先月データ!$A:$A,"<="&EOMONTH(設定!$B$4,0),先月データ!$Z:$Z,$A54,先月データ!$AA:$AA,1),SUMIFS(先月データ!$Q:$Q,先月データ!$K:$K,G$52,先月データ!$A:$A,">="&設定!$B$4,先月データ!$A:$A,"<="&EOMONTH(設定!$B$4,0),先月データ!$Z:$Z,$A54))/IF(G$52<設定!$B$10,$C$39,$B$39))+設定!$B$16*IF(OR(設定!$B$5="",IF(G$52<設定!$B$10,$G$39,$F$39)=0),"",IF(G$52<設定!$B$10,SUMIFS(先々月データ!$Q:$Q,先々月データ!$K:$K,G$52,先々月データ!$A:$A,">="&設定!$B$5,先々月データ!$A:$A,"<="&EOMONTH(設定!$B$5,0),先々月データ!$Z:$Z,$A54,先々月データ!$AA:$AA,1),SUMIFS(先々月データ!$Q:$Q,先々月データ!$K:$K,G$52,先々月データ!$A:$A,">="&設定!$B$5,先々月データ!$A:$A,"<="&EOMONTH(設定!$B$5,0),先々月データ!$Z:$Z,$A54))/IF(G$52<設定!$B$10,$G$39,$F$39)))/(設定!$B$15+設定!$B$16),IF(N(IF(G$52<設定!$B$10,$C$39,$B$39))>0,IF(OR(設定!$B$4="",IF(G$52<設定!$B$10,$C$39,$B$39)=0),"",IF(G$52<設定!$B$10,SUMIFS(先月データ!$Q:$Q,先月データ!$K:$K,G$52,先月データ!$A:$A,">="&設定!$B$4,先月データ!$A:$A,"<="&EOMONTH(設定!$B$4,0),先月データ!$Z:$Z,$A54,先月データ!$AA:$AA,1),SUMIFS(先月データ!$Q:$Q,先月データ!$K:$K,G$52,先月データ!$A:$A,">="&設定!$B$4,先月データ!$A:$A,"<="&EOMONTH(設定!$B$4,0),先月データ!$Z:$Z,$A54))/IF(G$52<設定!$B$10,$C$39,$B$39)),IF(N(IF(G$52<設定!$B$10,$G$39,$F$39))>0,IF(OR(設定!$B$5="",IF(G$52<設定!$B$10,$G$39,$F$39)=0),"",IF(G$52<設定!$B$10,SUMIFS(先々月データ!$Q:$Q,先々月データ!$K:$K,G$52,先々月データ!$A:$A,">="&設定!$B$5,先々月データ!$A:$A,"<="&EOMONTH(設定!$B$5,0),先々月データ!$Z:$Z,$A54,先々月データ!$AA:$AA,1),SUMIFS(先々月データ!$Q:$Q,先々月データ!$K:$K,G$52,先々月データ!$A:$A,">="&設定!$B$5,先々月データ!$A:$A,"<="&EOMONTH(設定!$B$5,0),先々月データ!$Z:$Z,$A54))/IF(G$52<設定!$B$10,$G$39,$F$39)),""))) | H54: =IF(AND(N(IF(H$52<設定!$B$10,$C$39,$B$39))>0,N(IF(H$52<設定!$B$10,$G$39,$F$39))>0),(設定!$B$15*IF(OR(設定!$B$4="",IF(H$52<設定!$B$10,$C$39,$B$39)=0),"",IF(H$52<設定!$B$10,SUMIFS(先月データ!$Q:$Q,先月データ!$K:$K,H$52,先月データ!$A:$A,">="&設定!$B$4,先月データ!$A:$A,"<="&EOMONTH(設定!$B$4,0),先月データ!$Z:$Z,$A54,先月データ!$AA:$AA,1),SUMIFS(先月データ!$Q:$Q,先月データ!$K:$K,H$52,先月データ!$A:$A,">="&設定!$B$4,先月データ!$A:$A,"<="&EOMONTH(設定!$B$4,0),先月データ!$Z:$Z,$A54))/IF(H$52<設定!$B$10,$C$39,$B$39))+設定!$B$16*IF(OR(設定!$B$5="",IF(H$52<設定!$B$10,$G$39,$F$39)=0),"",IF(H$52<設定!$B$10,SUMIFS(先々月データ!$Q:$Q,先々月データ!$K:$K,H$52,先々月データ!$A:$A,">="&設定!$B$5,先々月データ!$A:$A,"<="&EOMONTH(設定!$B$5,0),先々月データ!$Z:$Z,$A54,先々月データ!$AA:$AA,1),SUMIFS(先々月データ!$Q:$Q,先々月データ!$K:$K,H$52,先々月データ!$A:$A,">="&設定!$B$5,先々月データ!$A:$A,"<="&EOMONTH(設定!$B$5,0),先々月データ!$Z:$Z,$A54))/IF(H$52<設定!$B$10,$G$39,$F$39)))/(設定!$B$15+設定!$B$16),IF(N(IF(H$52<設定!$B$10,$C$39,$B$39))>0,IF(OR(設定!$B$4="",IF(H$52<設定!$B$10,$C$39,$B$39)=0),"",IF(H$52<設定!$B$10,SUMIFS(先月データ!$Q:$Q,先月データ!$K:$K,H$52,先月データ!$A:$A,">="&設定!$B$4,先月データ!$A:$A,"<="&EOMONTH(設定!$B$4,0),先月データ!$Z:$Z,$A54,先月データ!$AA:$AA,1),SUMIFS(先月データ!$Q:$Q,先月データ!$K:$K,H$52,先月データ!$A:$A,">="&設定!$B$4,先月データ!$A:$A,"<="&EOMONTH(設定!$B$4,0),先月データ!$Z:$Z,$A54))/IF(H$52<設定!$B$10,$C$39,$B$39)),IF(N(IF(H$52<設定!$B$10,$G$39,$F$39))>0,IF(OR(設定!$B$5="",IF(H$52<設定!$B$10,$G$39,$F$39)=0),"",IF(H$52<設定!$B$10,SUMIFS(先々月データ!$Q:$Q,先々月データ!$K:$K,H$52,先々月データ!$A:$A,">="&設定!$B$5,先々月データ!$A:$A,"<="&EOMONTH(設定!$B$5,0),先々月データ!$Z:$Z,$A54,先々月データ!$AA:$AA,1),SUMIFS(先々月データ!$Q:$Q,先々月データ!$K:$K,H$52,先々月データ!$A:$A,">="&設定!$B$5,先々月データ!$A:$A,"<="&EOMONTH(設定!$B$5,0),先々月データ!$Z:$Z,$A54))/IF(H$52<設定!$B$10,$G$39,$F$39)),""))) | I54: =IF(AND(N(IF(I$52<設定!$B$10,$C$39,$B$39))>0,N(IF(I$52<設定!$B$10,$G$39,$F$39))>0),(設定!$B$15*IF(OR(設定!$B$4="",IF(I$52<設定!$B$10,$C$39,$B$39)=0),"",IF(I$52<設定!$B$10,SUMIFS(先月データ!$Q:$Q,先月データ!$K:$K,I$52,先月データ!$A:$A,">="&設定!$B$4,先月データ!$A:$A,"<="&EOMONTH(設定!$B$4,0),先月データ!$Z:$Z,$A54,先月データ!$AA:$AA,1),SUMIFS(先月データ!$Q:$Q,先月データ!$K:$K,I$52,先月データ!$A:$A,">="&設定!$B$4,先月データ!$A:$A,"<="&EOMONTH(設定!$B$4,0),先月データ!$Z:$Z,$A54))/IF(I$52<設定!$B$10,$C$39,$B$39))+設定!$B$16*IF(OR(設定!$B$5="",IF(I$52<設定!$B$10,$G$39,$F$39)=0),"",IF(I$52<設定!$B$10,SUMIFS(先々月データ!$Q:$Q,先々月データ!$K:$K,I$52,先々月データ!$A:$A,">="&設定!$B$5,先々月データ!$A:$A,"<="&EOMONTH(設定!$B$5,0),先々月データ!$Z:$Z,$A54,先々月データ!$AA:$AA,1),SUMIFS(先々月データ!$Q:$Q,先々月データ!$K:$K,I$52,先々月データ!$A:$A,">="&設定!$B$5,先々月データ!$A:$A,"<="&EOMONTH(設定!$B$5,0),先々月データ!$Z:$Z,$A54))/IF(I$52<設定!$B$10,$G$39,$F$39)))/(設定!$B$15+設定!$B$16),IF(N(IF(I$52<設定!$B$10,$C$39,$B$39))>0,IF(OR(設定!$B$4="",IF(I$52<設定!$B$10,$C$39,$B$39)=0),"",IF(I$52<設定!$B$10,SUMIFS(先月データ!$Q:$Q,先月データ!$K:$K,I$52,先月データ!$A:$A,">="&設定!$B$4,先月データ!$A:$A,"<="&EOMONTH(設定!$B$4,0),先月データ!$Z:$Z,$A54,先月データ!$AA:$AA,1),SUMIFS(先月データ!$Q:$Q,先月データ!$K:$K,I$52,先月データ!$A:$A,">="&設定!$B$4,先月データ!$A:$A,"<="&EOMONTH(設定!$B$4,0),先月データ!$Z:$Z,$A54))/IF(I$52<設定!$B$10,$C$39,$B$39)),IF(N(IF(I$52<設定!$B$10,$G$39,$F$39))>0,IF(OR(設定!$B$5="",IF(I$52<設定!$B$10,$G$39,$F$39)=0),"",IF(I$52<設定!$B$10,SUMIFS(先々月データ!$Q:$Q,先々月データ!$K:$K,I$52,先々月データ!$A:$A,">="&設定!$B$5,先々月データ!$A:$A,"<="&EOMONTH(設定!$B$5,0),先々月データ!$Z:$Z,$A54,先々月データ!$AA:$AA,1),SUMIFS(先々月データ!$Q:$Q,先々月データ!$K:$K,I$52,先々月データ!$A:$A,">="&設定!$B$5,先々月データ!$A:$A,"<="&EOMONTH(設定!$B$5,0),先々月データ!$Z:$Z,$A54))/IF(I$52<設定!$B$10,$G$39,$F$39)),""))) | ... N54: =IF(AND(N(IF(N$52<設定!$B$10,$C$39,$B$39))>0,N(IF(N$52<設定!$B$10,$G$39,$F$39))>0),(設定!$B$15*IF(OR(設定!$B$4="",IF(N$52<設定!$B$10,$C$39,$B$39)=0),"",IF(N$52<設定!$B$10,SUMIFS(先月データ!$Q:$Q,先月データ!$K:$K,N$52,先月データ!$A:$A,">="&設定!$B$4,先月データ!$A:$A,"<="&EOMONTH(設定!$B$4,0),先月データ!$Z:$Z,$A54,先月データ!$AA:$AA,1),SUMIFS(先月データ!$Q:$Q,先月データ!$K:$K,N$52,先月データ!$A:$A,">="&設定!$B$4,先月データ!$A:$A,"<="&EOMONTH(設定!$B$4,0),先月データ!$Z:$Z,$A54))/IF(N$52<設定!$B$10,$C$39,$B$39))+設定!$B$16*IF(OR(設定!$B$5="",IF(N$52<設定!$B$10,$G$39,$F$39)=0),"",IF(N$52<設定!$B$10,SUMIFS(先々月データ!$Q:$Q,先々月データ!$K:$K,N$52,先々月データ!$A:$A,">="&設定!$B$5,先々月データ!$A:$A,"<="&EOMONTH(設定!$B$5,0),先々月データ!$Z:$Z,$A54,先々月データ!$AA:$AA,1),SUMIFS(先々月データ!$Q:$Q,先々月データ!$K:$K,N$52,先々月データ!$A:$A,">="&設定!$B$5,先々月データ!$A:$A,"<="&EOMONTH(設定!$B$5,0),先々月データ!$Z:$Z,$A54))/IF(N$52<設定!$B$10,$G$39,$F$39)))/(設定!$B$15+設定!$B$16),IF(N(IF(N$52<設定!$B$10,$C$39,$B$39))>0,IF(OR(設定!$B$4="",IF(N$52<設定!$B$10,$C$39,$B$39)=0),"",IF(N$52<設定!$B$10,SUMIFS(先月データ!$Q:$Q,先月データ!$K:$K,N$52,先月データ!$A:$A,">="&設定!$B$4,先月データ!$A:$A,"<="&EOMONTH(設定!$B$4,0),先月データ!$Z:$Z,$A54,先月データ!$AA:$AA,1),SUMIFS(先月データ!$Q:$Q,先月データ!$K:$K,N$52,先月データ!$A:$A,">="&設定!$B$4,先月データ!$A:$A,"<="&EOMONTH(設定!$B$4,0),先月データ!$Z:$Z,$A54))/IF(N$52<設定!$B$10,$C$39,$B$39)),IF(N(IF(N$52<設定!$B$10,$G$39,$F$39))>0,IF(OR(設定!$B$5="",IF(N$52<設定!$B$10,$G$39,$F$39)=0),"",IF(N$52<設定!$B$10,SUMIFS(先々月データ!$Q:$Q,先々月データ!$K:$K,N$52,先々月データ!$A:$A,">="&設定!$B$5,先々月データ!$A:$A,"<="&EOMONTH(設定!$B$5,0),先々月データ!$Z:$Z,$A54,先々月データ!$AA:$AA,1),SUMIFS(先々月データ!$Q:$Q,先々月データ!$K:$K,N$52,先々月データ!$A:$A,">="&設定!$B$5,先々月データ!$A:$A,"<="&EOMONTH(設定!$B$5,0),先々月データ!$Z:$Z,$A54))/IF(N$52<設定!$B$10,$G$39,$F$39)),""))) | O54: =SUMIF($B$52:$N$52,"<"&設定!$B$10,B54:N54) -> 0 | P54: =SUMIF($B$52:$N$52,">="&設定!$B$10,B54:N54) -> 0
